Country,Reactor Unit,Type,Net Capacity (MWe),Status,Operator,Contstruction Date,Construction Year,First Criticality Date,First Grid Date,Commercial Date,Shutdown Date,UCF for 2013,Latitude,Longitude
Argentina,ATUCHA-1,PHWR,335,Operational,NASA,6/1/1968,1968,1/13/1974,3/19/1974,6/24/1974,,83.1,-33.96333333,-59.18638889
Argentina,EMBALSE,PHWR,600,Operational,NASA,4/1/1974,1974,3/13/1983,4/25/1983,1/20/1984,,69.6,-32.232,-64.443
Argentina,ATUCHA-2,PHWR,692,Operational,NASA,7/14/1981,1981,6/3/2014,6/27/2014,,,0,-33.96333333,-59.18638889
Argentina,CAREM25,PWR,25,Under Construction,CNEA,2/8/2014,2014,,,,,,.,.
Bangladesh,Rooppur Nuclear Power Plant (Unit-I),VVER,1000-1250,Planned,,2016,,,,2021,,,.,.
Belarus,BELARUSIAN-1,PWR,1109,Under Construction,BelNPP,11/6/2013,2013,,,,,,.,.
Belarus,BELARUSIAN-2,PWR,1109,Under Construction,BelNPP,4/26/2014,2014,,,,,,.,.
Bangladesh,Rooppur Nuclear Power Plant (Unit-II),VVER,1000-1250,One year after 1st unit,,,,,,,,,.,.
Belarus,,WWPR,1200,Under Construction,,2011,,,,2016,,,.,.
Belarus,,WWPR,1200,Under Construction,,2013,,,,2018,,,.,.
Belgium,BR-3,PWR,10,Permanent Shutdown,CEN/SCK,11/1/1957,1957,8/29/1962,10/10/1962,10/10/1962,6/30/1987,,.,.
Belgium,DOEL-1,PWR,433,Operational,ELECTRAB,7/1/1969,1969,7/18/1974,8/28/1974,2/15/1975,,97.9,51.32528,4.26111
Belgium,TIHANGE-1,PWR,962,Operational,ELECTRAB,6/1/1970,1970,2/21/1975,3/7/1975,10/1/1975,,80.9,50.53278,5.27556
Belgium,DOEL-2,PWR,433,Operational,ELECTRAB,9/1/1971,1971,8/4/1975,8/21/1975,12/1/1975,,93.8,51.32528,4.26111
Belgium,DOEL-3,PWR,1006,Operational,ELECTRAB,1/1/1975,1975,6/14/1982,6/23/1982,10/1/1982,,56.9,51.32528,4.26111
Belgium,TIHANGE-2,PWR,1008,Operational,ELECTRAB,4/1/1976,1976,10/5/1982,10/13/1982,6/1/1983,,55.8,50.53278,5.27556
Belgium,TIHANGE-3,PWR,1046,Operational,ELECTRAB,11/1/1978,1978,6/5/1985,6/15/1985,9/1/1985,,88.9,50.53278,5.27556
Belgium,DOEL-4,PWR,1039,Operational,ELECTRAB,12/1/1978,1978,3/31/1985,4/8/1985,7/1/1985,,93.5,51.32528,4.26111
Brazil,ANGRA-1,PWR,609,Operational,ELETRONU,5/1/1971,1971,3/13/1982,4/1/1982,1/1/1985,,70.9,-23.00833333,-44.45833333
Brazil,ANGRA-2,PWR,1275,Operational,ELETRONU,1/1/1976,1976,7/14/2000,7/21/2000,2/1/2001,,90.1,-23.00833333,-44.45833333
Brazil,ANGRA-3,PWR,1245,Under Construction,ELETRONU,6/1/2010,2010,,,1/1/2016,,,-23.00833333,-44.45833333
Bulgaria,KOZLODUY-1,PWR,408,Permanent Shutdown,KOZNPP,4/1/1970,1970,6/30/1974,7/24/1974,10/28/1974,12/31/2002,,43.74613889,23.77050556
Bulgaria,KOZLODUY-2,PWR,408,Permanent Shutdown,KOZNPP,4/1/1970,1970,8/22/1975,8/24/1975,11/10/1975,12/31/2002,,43.74613889,23.77050556
Bulgaria,KOZLODUY-3,PWR,408,Permanent Shutdown,KOZNPP,10/1/1973,1973,12/4/1980,12/17/1980,1/20/1981,12/31/2006,,43.74613889,23.77050556
Bulgaria,KOZLODUY-4,PWR,408,Permanent Shutdown,KOZNPP,10/1/1973,1973,4/25/1982,5/17/1982,6/20/1982,12/31/2006,,43.74613889,23.77050556
Bulgaria,KOZLODUY-5,PWR,953,Operational,KOZNPP,7/9/1980,1980,11/5/1987,11/29/1987,12/23/1988,,86,43.74613889,23.77050556
Bulgaria,KOZLODUY-6,PWR,953,Operational,KOZNPP,4/1/1982,1982,5/29/1991,8/2/1991,12/30/1993,,89.1,43.74613889,23.77050556
Bulgaria,BELENE-1,PWR,953,Cancelled Constr.,KOZNPP,1/1/1987,1987,,,,3/28/2012,,34.7086,-85.9292
Bulgaria,BELENE-2,PWR,953,Cancelled Constr.,KOZNPP,3/31/1987,1987,,,,3/28/2012,,34.7086,-85.9292
Canada,ROLPHTON NPD,PHWR,22,Permanent Shutdown,OH,1/1/1958,1958,4/11/1962,6/4/1962,10/1/1962,8/1/1987,,.,.
Canada,DOUGLAS POINT,PHWR,206,Permanent Shutdown,OH,2/1/1960,1960,11/15/1966,1/7/1967,9/26/1968,5/4/1984,,44.3333,-81.6
Canada,PICKERING-1,PHWR,515,Operational,OPG,6/1/1966,1966,2/25/1971,4/4/1971,7/29/1971,,46.2,43.8117,-79.0658
Canada,GENTILLY-1,HWLWR,250,Permanent Shutdown,HQ,9/1/1966,1966,11/12/1970,4/5/1971,5/1/1972,6/1/1977,,46.3958,-72.3569
Canada,PICKERING-2,PHWR,515,Permanent Shutdown,OPG,9/1/1966,1966,9/15/1971,10/6/1971,12/30/1971,5/28/2007,,43.8117,-79.0658
Canada,PICKERING-3,PHWR,515,Permanent Shutdown,OPG,12/1/1967,1967,4/24/1972,5/3/1972,6/1/1972,10/31/2008,,43.8117,-79.0658
Canada,PICKERING-4,PHWR,515,Operational,OPG,5/1/1968,1968,5/16/1973,5/21/1973,6/17/1973,,86.6,43.8117,-79.0658
Canada,BRUCE-2,PHWR,734,Operational,BRUCEPOW,12/1/1970,1970,7/27/1976,9/4/1976,9/1/1977,,88.2,44.3253,-81.5994
Canada,BRUCE-1,PHWR,772,Operational,BRUCEPOW,6/1/1971,1971,12/17/1976,1/14/1977,9/1/1977,,86.1,44.3253,-81.5994
Canada,BRUCE-3,PHWR,730,Operational,BRUCEPOW,7/1/1972,1972,11/28/1977,12/12/1977,2/1/1978,,94.2,44.3253,-81.5994
Canada,BRUCE-4,PHWR,730,Operational,BRUCEPOW,9/1/1972,1972,12/10/1978,12/21/1978,1/18/1979,,63.5,44.3253,-81.5994
Canada,GENTILLY-2,PHWR,635,Permanent Shutdown,HQ,4/1/1974,1974,9/11/1982,12/4/1982,10/1/1983,12/28/2012,,46.3958,-72.3569
Canada,PICKERING-5,PHWR,516,Operational,OPG,11/1/1974,1974,10/23/1982,12/19/1982,5/10/1983,,58.6,43.8117,-79.0658
Canada,POINT LEPREAU,PHWR,660,Operational,NBEPC,5/1/1975,1975,7/25/1982,9/11/1982,2/1/1983,,70.8,44.2811,-87.5367
Canada,PICKERING-6,PHWR,516,Operational,OPG,10/1/1975,1975,10/15/1983,11/8/1983,2/1/1984,,67.4,43.8117,-79.0658
Canada,PICKERING-7,PHWR,516,Operational,OPG,3/1/1976,1976,10/22/1984,11/17/1984,1/1/1985,,94.9,43.8117,-79.0658
Canada,PICKERING-8,PHWR,516,Operational,OPG,9/1/1976,1976,12/17/1985,1/21/1986,2/28/1986,,86.3,43.8117,-79.0658
Canada,BRUCE-6,PHWR,817,Operational,BRUCEPOW,1/1/1978,1978,5/29/1984,6/26/1984,9/14/1984,,81.1,44.3253,-81.5994
Canada,BRUCE-5,PHWR,817,Operational,BRUCEPOW,6/1/1978,1978,11/15/1984,12/2/1984,3/1/1985,,92.1,44.3253,-81.5994
Canada,BRUCE-7,PHWR,817,Operational,BRUCEPOW,5/1/1979,1979,1/7/1986,2/22/1986,4/10/1986,,99.5,44.3253,-81.5994
Canada,BRUCE-8,PHWR,817,Operational,BRUCEPOW,8/1/1979,1979,2/15/1987,3/9/1987,5/22/1987,,80.6,44.3253,-81.5994
Canada,DARLINGTON-2,PHWR,878,Operational,OPG,9/1/1981,1981,11/5/1989,1/15/1990,10/9/1990,,67.3,43.8728,-78.7197
Canada,DARLINGTON-1,PHWR,878,Operational,OPG,4/1/1982,1982,10/29/1990,12/19/1990,11/14/1992,,98.4,43.8728,-78.7197
Canada,DARLINGTON-3,PHWR,878,Operational,OPG,9/1/1984,1984,11/9/1992,12/7/1992,2/14/1993,,96.6,43.8728,-78.7197
Canada,DARLINGTON-4,PHWR,878,Operational,OPG,7/1/1985,1985,3/13/1993,4/17/1993,6/14/1993,,68.8,43.8728,-78.7197
China,QINSHAN-1,PWR,298,Operational,CNNO,3/20/1985,1985,10/31/1991,12/15/1991,4/1/1994,,81,25.29147459,121.56767324
China,DAYA BAY-1,PWR,944,Operational,DNMC,8/7/1987,1987,7/28/1993,8/31/1993,2/1/1994,,86.7,22.59726389,114.54323056
China,DAYA BAY-2,PWR,944,Operational,DNMC,4/7/1988,1988,1/21/1994,2/7/1994,5/6/1994,,85.8,22.59726389,114.54323056
China,QINSHAN 2-1,PWR,610,Operational,NPQJVC,6/2/1996,1996,11/15/2001,2/6/2002,4/15/2002,,85.8,25.29147459,121.56767324
China,QINSHAN 2-2,PWR,610,Operational,NPQJVC,4/1/1997,1997,2/25/2004,3/11/2004,5/3/2004,,88.7,25.29147459,121.56767324
China,LING AO-1,PWR,950,Operational,DNMC,5/15/1997,1997,2/4/2002,2/26/2002,5/28/2002,,82.8,22.60478889,114.55148889
China,LING AO-2,PWR,950,Operational,DNMC,11/28/1997,1997,8/27/2002,9/14/2002,1/8/2003,,88.6,22.60478889,114.55148889
China,QINSHAN 3-1,PHWR,650,Operational,TQNPC,6/8/1998,1998,9/21/2002,11/19/2002,12/31/2002,,89.9,25.29147459,121.56767324
China,QINSHAN 3-2,PHWR,650,Operational,TQNPC,9/25/1998,1998,1/18/2003,6/12/2003,7/24/2003,,99.9,25.29147459,121.56767324
China,TIANWAN-1,PWR,990,Operational,JNPC,10/20/1999,1999,12/20/2005,5/12/2006,5/17/2007,,90.7,34.686944444,119.459722222
China,CEFR,FBR,20,Operational,CIAE,5/10/2000,2000,7/21/2010,7/21/2011,,,0,.,.
China,TIANWAN-2,PWR,990,Operational,JNPC,9/20/2000,2000,5/1/2007,5/14/2007,8/16/2007,,89.1,34.686944444,119.459722222
China,LING AO-3,PWR,1007,Operational,DNMC,12/15/2005,2005,6/9/2010,7/15/2010,9/15/2010,,90.1,22.60478889,114.55148889
China,QINSHAN 2-3,PWR,610,Operational,NPQJVC,4/28/2006,2006,7/13/2010,8/1/2010,10/5/2010,,93.5,25.29147459,121.56767324
China,LING AO-4,PWR,1007,Operational,DNMC,6/15/2006,2006,2/25/2011,5/3/2011,8/7/2011,,89,22.60478889,114.55148889
China,QINSHAN 2-4,PWR,610,Operational,NPQJVC,1/28/2007,2007,11/17/2011,11/25/2011,12/30/2011,,84.2,25.29147459,121.56767324
China,HONGYANHE-1,PWR,1061,Operational,LHNPC,8/18/2007,2007,1/16/2013,2/17/2013,6/6/2013,,99.5,39.80194444,121.475
China,NINGDE-1,PWR,1018,Operational,NDNP,2/18/2008,2008,11/24/2012,12/28/2012,4/15/2013,,99.9,27.045,120.28333333
China,HONGYANHE-2,PWR,1061,Operational,LHNPC,3/28/2008,2008,10/24/2013,11/23/2013,5/13/2014,,0,39.80194444,121.475
China,NINGDE-2,PWR,1018,Operational,NDNP,11/12/2008,2008,12/20/2013,1/4/2014,5/4/2014,,0,27.045,120.28333333
China,FUQING-1,PWR,1000,Operational,FQNP,11/21/2008,2008,7/24/2014,8/20/2014,,,0,25.44583333,119.44722222
China,YANGJIANG-1,PWR,1000,Operational,YJNPC,12/16/2008,2008,12/23/2013,12/31/2013,3/25/2014,,0,19.459916,108.898838
China,FANGJIASHAN-1,PWR,1000,Operational,QNPC,12/26/2008,2008,10/21/2014,11/4/2014,,,0,.,.
China,HONGYANHE-3,PWR,1000,Under Construction,LHNPC,3/7/2009,2009,10/27/2014,,,,,39.80194444,121.475
China,SANMEN-1,PWR,1000,Under Construction,SMNPC,4/19/2009,2009,,,,,,.,.
China,YANGJIANG-2,PWR,1000,Under Construction,YJNPC,6/4/2009,2009,,,,,,19.459916,108.898838
China,FUQING-2,PWR,1000,Under Construction,FQNP,6/17/2009,2009,,,,,,25.44583333,119.44722222
China,FANGJIASHAN-2,PWR,1000,Under Construction,QNPC,7/17/2009,2009,,,,,,.,.
China,HONGYANHE-4,PWR,1000,Under Construction,LHNPC,8/15/2009,2009,,,,,,39.80194444,121.475
China,HAIYANG-1,PWR,1000,Under Construction,SDNPC,9/24/2009,2009,,,,,,.,.
China,TAISHAN-1,PWR,1660,Under Construction,TNPC,11/18/2009,2009,,,,,,21.918,112.982
China,SANMEN-2,PWR,1000,Under Construction,SMNPC,12/15/2009,2009,,,,,,.,.
China,NINGDE-3,PWR,1018,Under Construction,NDNP,1/8/2010,2010,,,,,,27.045,120.28333333
China,TAISHAN-2,PWR,1660,Under Construction,TNPC,4/15/2010,2010,,,,,,21.918,112.982
China,CHANGJIANG-1,PWR,610,Under Construction,HNPC,4/25/2010,2010,,,,,,19.459916,108.898838
China,HAIYANG-2,PWR,1000,Under Construction,SDNPC,6/20/2010,2010,,,,,,.,.
China,FANGCHENGGANG-1,PWR,1000,Under Construction,GFNPC,7/30/2010,2010,,,,,,21.66666667,108.56666667
China,NINGDE-4,PWR,1018,Under Construction,NDNP,9/29/2010,2010,,,,,,27.045,120.28333333
China,YANGJIANG-3,PWR,1000,Under Construction,YJNPC,11/15/2010,2010,,,,,,19.459916,108.898838
China,CHANGJIANG-2,PWR,610,Under Construction,HNPC,11/21/2010,2010,,,12/31/2015,,,19.459916,108.898838
China,FANGCHENGGANG-2,PWR,1000,Under Construction,GFNPC,12/23/2010,2010,,,,,,21.66666667,108.56666667
China,FUQING-3,PWR,1000,Under Construction,FQNP,12/31/2010,2010,,,7/31/2015,,,25.44583333,119.44722222
China,FUQING-4,PWR,1000,Under Construction,FQNP,11/17/2012,2012,,,,,,25.44583333,119.44722222
China,YANGJIANG-4,PWR,1000,Under Construction,YJNPC,11/17/2012,2012,,,,,,19.459916,108.898838
China,SHIDAO BAY-1,HTGR,200,Under Construction,HSNPC,12/9/2012,2012,,,,,,.,.
China,TIANWAN-3,PWR,990,Under Construction,JNPC,12/27/2012,2012,,,,,,34.686944444,119.459722222
China,YANGJIANG-5,PWR,1000,Under Construction,YJNPC,9/18/2013,2013,,,,,,19.459916,108.898838
China,YANGJIANG-6,PWR,1000,Under Construction,YJNPC,12/23/2013,2013,,,,,,19.459916,108.898838
China,TIANWAN-4,PWR,990,Under Construction,JNPC,9/27/2013,2013,,,,,,34.686944444,119.459722222
Czechoslovakia,BOHUNICE A1,HWGCR,93,Permanent Shutdown,JAVYS,8/1/1958,1958,10/24/1972,12/25/1972,12/25/1972,2/22/1977,,48.49444444,17.68055556
Czechoslovakia,BOHUNICE-1,PWR,408,Permanent Shutdown,JAVYS,4/24/1972,1972,11/27/1978,12/17/1978,4/1/1980,12/31/2006,,48.49444444,17.68055556
Czechoslovakia,BOHUNICE-2,PWR,408,Permanent Shutdown,JAVYS,4/24/1972,1972,3/15/1980,3/26/1980,1/1/1981,12/31/2008,,48.49444444,17.68055556
Czechoslovakia,BOHUNICE-3,PWR,471,Operational,"SE,plc",12/1/1976,1976,8/7/1984,8/20/1984,2/14/1985,,93.7,48.49444444,17.68055556
Czechoslovakia,BOHUNICE-4,PWR,471,Operational,"SE,plc",12/1/1976,1976,8/2/1985,8/9/1985,12/18/1985,,94.5,48.49444444,17.68055556
Czechoslovakia,DUKOVANY-1,PWR,468,Operational,CEZ,1/1/1979,1979,2/12/1985,2/24/1985,5/3/1985,,92.6,49.08509444,16.14899167
Czechoslovakia,DUKOVANY-2,PWR,471,Operational,CEZ,1/1/1979,1979,1/23/1986,1/30/1986,3/21/1986,,90.6,49.08509444,16.14899167
Czechoslovakia,DUKOVANY-3,PWR,468,Operational,CEZ,3/1/1979,1979,10/28/1986,11/14/1986,12/20/1986,,87.4,49.08509444,16.14899167
Czechoslovakia,DUKOVANY-4,PWR,471,Operational,CEZ,3/1/1979,1979,6/1/1987,6/11/1987,7/19/1987,,91.4,49.08509444,16.14899167
Czechoslovakia,MOCHOVCE-1,PWR,436,Operational,"SE,plc",10/13/1983,1983,6/9/1998,7/4/1998,10/29/1998,,93.3,48.26388889,18.45694444
Czechoslovakia,MOCHOVCE-2,PWR,436,Operational,"SE,plc",10/13/1983,1983,12/1/1999,12/20/1999,4/11/2000,,94.2,48.26388889,18.45694444
Czechoslovakia,TEMELIN-3,PWR,892,Suspended Constr.,CEZ,1/1/1985,1985,,,,,,49.18194444,14.38138889
Czechoslovakia,TEMELIN-4,PWR,892,Suspended Constr.,CEZ,1/1/1985,1985,,,,,,49.18194444,14.38138889
Czechoslovakia,TEMELIN-1,PWR,1003,Operational,CEZ,2/1/1987,1987,10/11/2000,12/21/2000,6/10/2002,,82.3,49.18194444,14.38138889
Czechoslovakia,TEMELIN-2,PWR,1003,Operational,CEZ,2/1/1987,1987,5/31/2002,12/29/2002,4/18/2003,,84.8,49.18194444,14.38138889
Czechoslovakia,MOCHOVCE-3,PWR,440,Under Construction,"SE,plc",1/27/1987,1987,8/20/2016,9/5/2016,11/9/2016,,,48.26388889,18.45694444
Czechoslovakia,MOCHOVCE-4,PWR,440,Under Construction,"SE,plc",1/27/1987,1987,8/20/2017,9/5/2017,11/9/2017,,,48.26388889,18.45694444
Egypt,First NPP (Al Dabaa),WCR,600-100,,,2013/2014,,,,2018/2019,,,.,.
Finland,LOVIISA-1,PWR,496,Operational,FORTUMPH,5/1/1971,1971,1/21/1977,2/8/1977,5/9/1977,,93,60.37222223,26.34722223
Finland,LOVIISA-2,PWR,496,Operational,FORTUMPH,8/1/1972,1972,10/17/1980,11/4/1980,1/5/1981,,93.7,60.37222223,26.34722223
Finland,OLKILUOTO-1,BWR,880,Operational,TVO,2/1/1974,1974,7/21/1978,9/2/1978,10/10/1979,,97.4,61.23666667,21.44222222
Finland,OLKILUOTO-2,BWR,880,Operational,TVO,11/1/1975,1975,10/13/1979,2/18/1980,7/10/1982,,93.1,61.23666667,21.44222222
Finland,OLKILUOTO-3,PWR,1600,Under Construction,TVO,8/12/2005,2005,,,1/1/2016,,,61.23666667,21.44222222
France,G-2 (MARCOULE),GCR,39,Permanent Shutdown,COGEMA,3/1/1955,1955,7/21/1958,4/22/1959,4/22/1959,2/2/1980,,.,.
France,G-3 (MARCOULE),GCR,40,Permanent Shutdown,COGEMA,3/1/1956,1956,6/11/1959,4/4/1960,4/4/1960,6/20/1984,,.,.
France,CHINON A-1,GCR,70,Permanent Shutdown,EDF,2/1/1957,1957,9/16/1962,6/14/1963,2/1/1964,4/16/1973,,47.23055556,0.17055556
France,CHINON A-2,GCR,180,Permanent Shutdown,EDF,8/1/1959,1959,8/17/1964,2/24/1965,2/24/1965,6/14/1985,,47.23055556,0.17055556
France,CHINON A-3,GCR,360,Permanent Shutdown,EDF,3/1/1961,1961,3/1/1966,8/4/1966,8/4/1966,6/15/1990,,47.23055556,0.17055556
France,CHOOZ-A (ARDENNES),PWR,305,Permanent Shutdown,SENA,1/1/1962,1962,10/18/1966,4/3/1967,4/15/1967,10/30/1991,,.,.
France,EL-4 (MONTS D'ARREE),HWGCR,70,Permanent Shutdown,EDF,7/1/1962,1962,12/23/1966,7/9/1967,6/1/1968,7/31/1985,,.,.
France,ST. LAURENT A-1,GCR,390,Permanent Shutdown,EDF,10/1/1963,1963,1/7/1969,3/14/1969,6/1/1969,4/18/1990,,47.72055556,1.57861111
France,BUGEY-1,GCR,540,Permanent Shutdown,EDF,12/1/1965,1965,3/21/1972,4/15/1972,7/1/1972,5/27/1994,,45.79722222,5.27
France,ST. LAURENT A-2,GCR,465,Permanent Shutdown,EDF,1/1/1966,1966,7/4/1971,8/9/1971,11/1/1971,5/27/1992,,47.72055556,1.57861111
France,PHENIX,FBR,130,Operational,CEA/EDF,11/1/1968,1968,8/31/1973,12/13/1973,7/14/1974,2/1/2010 23:59,0,44.14333333,4.71166667
France,FESSENHEIM-1,PWR,880,Operational,EDF,9/1/1971,1971,3/7/1977,4/6/1977,1/1/1978,,60.2,47.90361111,7.5625
France,FESSENHEIM-2,PWR,880,Operational,EDF,2/1/1972,1972,6/27/1977,10/7/1977,4/1/1978,,66.2,47.90361111,7.5625
France,BUGEY-2,PWR,910,Operational,EDF,11/1/1972,1972,4/20/1978,5/10/1978,3/1/1979,,61.2,45.79722222,5.27
France,BUGEY-3,PWR,910,Operational,EDF,9/1/1973,1973,8/31/1978,9/21/1978,3/1/1979,,55.4,45.79722222,5.27
France,BUGEY-4,PWR,880,Operational,EDF,6/1/1974,1974,2/17/1979,3/8/1979,7/1/1979,,96.2,45.79722222,5.27
France,BUGEY-5,PWR,880,Operational,EDF,7/1/1974,1974,7/15/1979,7/31/1979,1/3/1980,,67.8,45.79722222,5.27
France,TRICASTIN-1,PWR,915,Operational,EDF,11/1/1974,1974,2/21/1980,5/31/1980,12/1/1980,,76.7,44.32639,4.72694
France,TRICASTIN-2,PWR,915,Operational,EDF,12/1/1974,1974,7/22/1980,8/7/1980,12/1/1980,,73.8,44.32639,4.72694
France,DAMPIERRE-1,PWR,890,Operational,EDF,2/1/1975,1975,3/15/1980,3/23/1980,9/10/1980,,66.3,47.73361111,2.5175
France,GRAVELINES-1,PWR,910,Operational,EDF,2/1/1975,1975,2/21/1980,3/13/1980,11/25/1980,,75.1,51.01361111,2.13611111
France,GRAVELINES-2,PWR,910,Operational,EDF,3/1/1975,1975,8/2/1980,8/26/1980,12/1/1980,,51.9,51.01361111,2.13611111
France,DAMPIERRE-2,PWR,890,Operational,EDF,4/1/1975,1975,12/5/1980,12/10/1980,2/16/1981,,88.7,47.73361111,2.5175
France,TRICASTIN-3,PWR,915,Operational,EDF,4/1/1975,1975,11/29/1980,2/10/1981,5/11/1981,,87.9,44.32639,4.72694
France,TRICASTIN-4,PWR,915,Operational,EDF,5/1/1975,1975,5/31/1981,6/12/1981,11/1/1981,,87.2,44.32639,4.72694
France,DAMPIERRE-3,PWR,890,Operational,EDF,9/1/1975,1975,1/25/1981,1/30/1981,5/27/1981,,65.8,47.73361111,2.5175
France,DAMPIERRE-4,PWR,890,Operational,EDF,12/1/1975,1975,8/5/1981,8/18/1981,11/20/1981,,90.3,47.73361111,2.5175
France,GRAVELINES-3,PWR,910,Operational,EDF,12/1/1975,1975,11/30/1980,12/12/1980,6/1/1981,,82.6,51.01361111,2.13611111
France,GRAVELINES-4,PWR,910,Operational,EDF,4/1/1976,1976,5/31/1981,6/14/1981,10/1/1981,,80.4,51.01361111,2.13611111
France,ST. LAURENT B-1,PWR,915,Operational,EDF,5/1/1976,1976,1/4/1981,1/21/1981,8/1/1983,,64.4,47.72055556,1.57861111
France,ST. LAURENT B-2,PWR,915,Operational,EDF,7/1/1976,1976,5/12/1981,6/1/1981,8/1/1983,,44.4,47.72055556,1.57861111
France,SUPER-PHENIX,FBR,1200,Permanent Shutdown,EDF,12/13/1976,1976,9/7/1985,1/14/1986,12/1/1986,12/31/1998,,45.75833333,5.47222222
France,BLAYAIS-1,PWR,910,Operational,EDF,1/1/1977,1977,5/20/1981,6/12/1981,12/1/1981,,86.9,45.25611111,-0.69166667
France,BLAYAIS-2,PWR,910,Operational,EDF,1/1/1977,1977,6/28/1982,7/17/1982,2/1/1983,,64.2,45.25611111,-0.69166667
France,CHINON B-1,PWR,905,Operational,EDF,3/1/1977,1977,10/28/1982,11/30/1982,2/1/1984,,52.3,47.23055556,0.17055556
France,CHINON B-2,PWR,905,Operational,EDF,3/1/1977,1977,9/23/1983,11/29/1983,8/1/1984,,64.5,47.23055556,0.17055556
France,PALUEL-1,PWR,1330,Operational,EDF,8/15/1977,1977,5/13/1984,6/22/1984,12/1/1985,,70.6,49.85805556,0.63555556
France,PALUEL-2,PWR,1330,Operational,EDF,1/1/1978,1978,8/11/1984,9/14/1984,12/1/1985,,98.9,49.85805556,0.63555556
France,BLAYAIS-3,PWR,910,Operational,EDF,4/1/1978,1978,7/29/1983,8/17/1983,11/14/1983,,86.1,45.25611111,-0.69166667
France,BLAYAIS-4,PWR,910,Operational,EDF,4/1/1978,1978,5/1/1983,5/16/1983,10/1/1983,,66.3,45.25611111,-0.69166667
France,CRUAS-1,PWR,915,Operational,EDF,8/1/1978,1978,4/2/1983,4/29/1983,4/2/1984,,82.3,44.63388889,4.75388889
France,CRUAS-2,PWR,915,Operational,EDF,11/15/1978,1978,8/1/1984,9/6/1984,4/1/1985,,75.7,44.63388889,4.75388889
France,ST. ALBAN-1,PWR,1335,Operational,EDF,1/29/1979,1979,8/4/1985,8/30/1985,5/1/1986,,98.7,45.40472222,4.75583333
France,PALUEL-3,PWR,1330,Operational,EDF,2/1/1979,1979,8/7/1985,9/30/1985,2/1/1986,,82.7,49.85805556,0.63555556
France,CRUAS-3,PWR,915,Operational,EDF,4/15/1979,1979,4/9/1984,5/14/1984,9/10/1984,,89.9,44.63388889,4.75388889
France,ST. ALBAN-2,PWR,1335,Operational,EDF,7/31/1979,1979,6/7/1986,7/3/1986,3/1/1987,,66.8,45.40472222,4.75583333
France,CRUAS-4,PWR,915,Operational,EDF,10/1/1979,1979,10/1/1984,10/27/1984,2/11/1985,,86.6,44.63388889,4.75388889
France,GRAVELINES-5,PWR,910,Operational,EDF,10/1/1979,1979,8/5/1984,8/28/1984,1/15/1985,,84.2,51.01361111,2.13611111
France,GRAVELINES-6,PWR,910,Operational,EDF,10/1/1979,1979,7/21/1985,8/1/1985,10/25/1985,,84.5,51.01361111,2.13611111
France,CATTENOM-1,PWR,1300,Operational,EDF,10/29/1979,1979,10/24/1986,11/13/1986,4/1/1987,,59.7,49.415833,6.218056
France,FLAMANVILLE-1,PWR,1330,Operational,EDF,12/1/1979,1979,9/29/1985,12/4/1985,12/1/1986,,98.8,49.53722222,-1.8825
France,PALUEL-4,PWR,1330,Operational,EDF,2/1/1980,1980,3/29/1986,4/11/1986,6/1/1986,,66.3,49.85805556,0.63555556
France,BELLEVILLE-1,PWR,1310,Operational,EDF,5/1/1980,1980,9/9/1987,10/14/1987,6/1/1988,,82,47.509722,2.875
France,FLAMANVILLE-2,PWR,1330,Operational,EDF,5/1/1980,1980,6/12/1986,7/18/1986,3/9/1987,,70.7,49.53722222,-1.8825
France,CATTENOM-2,PWR,1300,Operational,EDF,7/28/1980,1980,8/7/1987,9/17/1987,2/1/1988,,87.8,49.415833,6.218056
France,BELLEVILLE-2,PWR,1310,Operational,EDF,8/1/1980,1980,5/25/1988,7/6/1988,1/1/1989,,71.1,47.509722,2.875
France,CHINON B-3,PWR,905,Operational,EDF,10/1/1980,1980,9/18/1986,10/20/1986,3/4/1987,,76.2,47.23055556,0.17055556
France,CHINON B-4,PWR,905,Operational,EDF,2/1/1981,1981,10/13/1987,11/14/1987,4/1/1988,,85.7,47.23055556,0.17055556
France,NOGENT-1,PWR,1310,Operational,EDF,5/26/1981,1981,9/12/1987,10/21/1987,2/24/1988,,99.4,48.51611111,3.51777778
France,NOGENT-2,PWR,1310,Operational,EDF,1/1/1982,1982,10/4/1988,12/14/1988,5/1/1989,,86.8,48.51611111,3.51777778
France,CATTENOM-3,PWR,1300,Operational,EDF,6/15/1982,1982,2/16/1990,7/6/1990,2/1/1991,,74.3,49.415833,6.218056
France,PENLY-1,PWR,1330,Operational,EDF,9/1/1982,1982,4/1/1990,5/4/1990,12/1/1990,,85.7,49.97666667,1.21194444
France,GOLFECH-1,PWR,1310,Operational,EDF,11/17/1982,1982,4/24/1990,6/7/1990,2/1/1991,,88.5,44.11111111,0.84027778
France,CATTENOM-4,PWR,1300,Operational,EDF,9/28/1983,1983,5/4/1991,5/27/1991,1/1/1992,,54.3,49.415833,6.218056
France,CHOOZ B-1,PWR,1500,Operational,EDF,1/1/1984,1984,7/25/1996,8/30/1996,5/15/2000,,78.9,50.09,4.790556
France,PENLY-2,PWR,1330,Operational,EDF,8/1/1984,1984,1/10/1992,2/4/1992,11/1/1992,,99.1,49.97666667,1.21194444
France,GOLFECH-2,PWR,1310,Operational,EDF,10/1/1984,1984,5/21/1993,6/18/1993,3/4/1994,,96.1,44.11111111,0.84027778
France,CHOOZ B-2,PWR,1500,Operational,EDF,12/31/1985,1985,3/10/1997,4/10/1997,9/29/2000,,84.4,50.09,4.790556
France,CIVAUX-1,PWR,1495,Operational,EDF,10/15/1988,1988,11/29/1997,12/24/1997,1/29/2002,,68.9,46.45611111,0.65416667
France,CIVAUX-2,PWR,1495,Operational,EDF,4/1/1991,1991,11/27/1999,12/24/1999,4/23/2002,,83.8,46.45611111,0.65416667
France,FLAMANVILLE-3,PWR,1600,Under Construction,EDF,12/3/2007,2007,12/30/2016,12/31/2016,,,,49.53722222,-1.8825
Germany,VAK KAHL,BWR,15,Permanent Shutdown,VAK,7/1/1958,1958,11/13/1960,6/17/1961,2/1/1962,11/25/1985,,50.05911944,8.98727778
Germany,RHEINSBERG,PWR,62,Permanent Shutdown,EWN,1/1/1960,1960,3/1/1966,5/6/1966,10/11/1966,6/1/1990,,53.147,12.9902
Germany,AVR JUELICH,HTGR,13,Permanent Shutdown,AVR,8/1/1961,1961,8/16/1966,12/17/1967,5/19/1969,12/31/1988,,.,.
Germany,MZFR,PHWR,52,Permanent Shutdown,KBG,12/1/1961,1961,9/29/1965,3/9/1966,12/19/1966,5/3/1984,,.,.
Germany,GUNDREMMINGEN-A,BWR,237,Permanent Shutdown,KGB,12/12/1962,1962,8/14/1966,12/1/1966,4/12/1967,1/13/1977,,48.5147,10.4022
Germany,LINGEN,BWR,183,Permanent Shutdown,KWL,10/1/1964,1964,1/31/1968,7/1/1968,10/1/1968,1/5/1977,,25.03832756,121.9241153
Germany,HDR GROSSWELZHEIM,BWR,25,Permanent Shutdown,HDR,1/1/1965,1965,10/14/1969,10/14/1969,8/2/1970,4/20/1971,,50.05814167,8.98713056
Germany,OBRIGHEIM,PWR,340,Permanent Shutdown,EnBW,3/15/1965,1965,9/22/1968,10/29/1968,3/31/1969,5/11/2005,,49.3645,9.07627
Germany,NIEDERAICHBACH,HWGCR,100,Permanent Shutdown,KKN,6/1/1966,1966,12/17/1972,1/1/1973,1/1/1973,7/31/1974,,.,.
Germany,STADE,PWR,640,Permanent Shutdown,E.ON,12/1/1967,1967,1/8/1972,1/29/1972,5/19/1972,11/14/2003,,53.62,9.53083
Germany,WUERGASSEN,BWR,640,Permanent Shutdown,PE,1/26/1968,1968,10/20/1971,12/18/1971,11/11/1975,8/26/1994,,51.6392,9.39139
Germany,BIBLIS-A,PWR,1167,Permanent Shutdown,RWE,1/1/1970,1970,7/16/1974,8/25/1974,2/26/1975,8/6/2011,,49.71,8.415277777
Germany,GREIFSWALD-1,PWR,408,Permanent Shutdown,EWN,3/1/1970,1970,12/15/1973,12/17/1973,7/12/1974,2/14/1990,,54.14058611,13.66442222
Germany,GREIFSWALD-2,PWR,408,Permanent Shutdown,EWN,3/1/1970,1970,12/3/1974,12/23/1974,4/16/1975,2/14/1990,,54.14058611,13.66442222
Germany,BRUNSBUETTEL,BWR,771,Permanent Shutdown,KKB,4/15/1970,1970,6/23/1976,7/13/1976,2/9/1977,8/6/2011,,53.8917,9.20167
Germany,PHILIPPSBURG-1,BWR,890,Permanent Shutdown,EnKK,10/1/1970,1970,3/9/1979,5/5/1979,3/26/1980,8/6/2011,,49.2527,8.43644
Germany,THTR-300,HTGR,296,Permanent Shutdown,HKG,5/3/1971,1971,9/13/1983,11/16/1985,6/1/1987,9/29/1988,,51.679167,7.971667
Germany,BIBLIS-B,PWR,1240,Permanent Shutdown,RWE,2/1/1972,1972,3/25/1976,4/25/1976,1/31/1977,8/6/2011,,49.71,8.415277777
Germany,NECKARWESTHEIM-1,PWR,785,Permanent Shutdown,EnKK,2/1/1972,1972,5/26/1976,6/3/1976,12/1/1976,8/6/2011,,49.0411,9.175
Germany,GREIFSWALD-3,PWR,408,Permanent Shutdown,EWN,4/1/1972,1972,10/16/1977,10/24/1977,5/1/1978,2/28/1990,,54.14058611,13.66442222
Germany,GREIFSWALD-4,PWR,408,Permanent Shutdown,EWN,4/1/1972,1972,7/22/1979,9/3/1979,11/1/1979,7/22/1990,,54.14058611,13.66442222
Germany,ISAR-1,BWR,878,Permanent Shutdown,E.ON,5/1/1972,1972,11/20/1977,12/3/1977,3/21/1979,8/6/2011,,48.6056,12.2931
Germany,UNTERWESER,PWR,1345,Permanent Shutdown,E.ON,7/1/1972,1972,9/16/1978,9/29/1978,9/6/1979,8/6/2011,,53.4277,8.4802
Germany,KALKAR,FBR,295,Cancelled Constr.,SBK,4/23/1973,1973,,,,3/20/1991,,21.23861111,73.35
Germany,KRUEMMEL,BWR,1346,Permanent Shutdown,KKK,4/5/1974,1974,9/14/1983,9/28/1983,3/28/1984,8/6/2011,,53.41,10.4089
Germany,KNK II,FBR,17,Permanent Shutdown,KBG,9/1/1974,1974,10/10/1977,4/9/1978,3/3/1979,8/23/1991,,.,.
Germany,GRAFENRHEINFELD,PWR,1275,Operational,E.ON,1/1/1975,1975,12/9/1981,12/30/1981,6/17/1982,,89.2,49.9841,10.1847
Germany,MUELHEIM-KAERLICH,PWR,1219,Permanent Shutdown,KGG,1/15/1975,1975,3/1/1986,3/14/1986,8/18/1987,9/9/1988,,50.4078,7.48972
Germany,BROKDORF,PWR,1410,Operational,E.ON,1/1/1976,1976,10/8/1986,10/14/1986,12/22/1986,,92.1,53.850833333,9.344722222
Germany,GROHNDE,PWR,1360,Operational,KWG,6/1/1976,1976,9/1/1984,9/5/1984,2/1/1985,,89.4,52.0353,9.41333
Germany,GUNDREMMINGEN-B,BWR,1284,Operational,KGG,7/20/1976,1976,3/9/1984,3/16/1984,7/19/1984,,85.9,48.5147,10.4022
Germany,GUNDREMMINGEN-C,BWR,1288,Operational,KGG,7/20/1976,1976,10/26/1984,11/2/1984,1/18/1985,,89.2,48.5147,10.4022
Germany,GREIFSWALD-5,PWR,408,Permanent Shutdown,EWN,12/1/1976,1976,3/26/1989,4/24/1989,11/1/1989,11/24/1989,,54.14058611,13.66442222
Germany,GREIFSWALD-6,PWR,408,Cancelled Constr.,EWN,12/1/1976,1976,,,,1/1/1990,,54.14058611,13.66442222
Germany,PHILIPPSBURG-2,PWR,1402,Operational,EnKK,7/7/1977,1977,12/13/1984,12/17/1984,4/18/1985,,73.1,49.2527,8.43644
Germany,GREIFSWALD-7,PWR,408,Cancelled Constr.,EWN,12/1/1978,1978,,,,10/1/1990,,54.14058611,13.66442222
Germany,GREIFSWALD-8,PWR,408,Cancelled Constr.,EWN,12/1/1978,1978,,,,10/1/1990,,54.14058611,13.66442222
Germany,EMSLAND,PWR,1329,Operational,KLE,8/10/1982,1982,4/14/1988,4/19/1988,6/20/1988,,95,52.4742,7.31786
Germany,ISAR-2,PWR,1410,Operational,E.ON,9/15/1982,1982,1/15/1988,1/22/1988,4/9/1988,,94.3,48.6056,12.2931
Germany,NECKARWESTHEIM-2,PWR,1310,Operational,EnKK,11/9/1982,1982,12/29/1988,1/3/1989,4/15/1989,,90.1,49.0411,9.175
Germany,STENDAL-1,PWR,900,Cancelled Constr.,EWN,12/1/1982,1982,,,,3/1/1991,,52.723774,12.017516
Germany,STENDAL-2,PWR,900,Cancelled Constr.,EWN,12/1/1984,1984,,,,3/1/1991,,52.723774,12.017516
Hungary,PAKS-1,PWR,470,Operational,PAKS Zrt,8/1/1974,1974,12/14/1982,12/28/1982,8/10/1983,,91.4,46.5725,18.85416667
Hungary,PAKS-2,PWR,473,Operational,PAKS Zrt,8/1/1974,1974,8/26/1984,9/6/1984,11/14/1984,,90.3,46.5725,18.85416667
Hungary,PAKS-3,PWR,473,Operational,PAKS Zrt,10/1/1979,1979,9/15/1986,9/28/1986,12/1/1986,,73.9,46.5725,18.85416667
Hungary,PAKS-4,PWR,473,Operational,PAKS Zrt,10/1/1979,1979,8/9/1987,8/16/1987,11/1/1987,,92.1,46.5725,18.85416667
India,TARAPUR-1,BWR,150,Operational,NPCIL,10/1/1964,1964,2/1/1969,4/1/1969,10/28/1969,,84.6,19.82777778,72.66111111
India,TARAPUR-2,BWR,150,Operational,NPCIL,10/1/1964,1964,2/28/1969,5/5/1969,10/28/1969,,32.3,19.82777778,72.66111111
India,RAJASTHAN-1,PHWR,90,Operational,NPCIL,8/1/1965,1965,8/11/1972,11/30/1972,12/16/1973,,0,24.87222222,75.61388889
India,RAJASTHAN-2,PHWR,187,Operational,NPCIL,4/1/1968,1968,10/8/1980,11/1/1980,4/1/1981,,94.1,24.87222222,75.61388889
India,MADRAS-1,PHWR,205,Operational,NPCIL,1/1/1971,1971,7/2/1983,7/23/1983,1/27/1984,,94,12.55833333,80.175
India,MADRAS-2,PHWR,205,Operational,NPCIL,10/1/1972,1972,8/12/1985,9/20/1985,3/21/1986,,42.6,12.55833333,80.175
India,NARORA-1,PHWR,202,Operational,NPCIL,12/1/1976,1976,3/12/1989,7/29/1989,1/1/1991,,90.8,28.15833333,78.40833333
India,NARORA-2,PHWR,202,Operational,NPCIL,11/1/1977,1977,10/24/1991,1/5/1992,7/1/1992,,89.5,28.15833333,78.40833333
India,KAKRAPAR-1,PHWR,202,Operational,NPCIL,12/1/1984,1984,9/3/1992,11/24/1992,5/6/1993,,95.9,21.23861111,73.35
India,KAKRAPAR-2,PHWR,202,Operational,NPCIL,4/1/1985,1985,1/8/1995,3/4/1995,9/1/1995,,98.6,21.23861111,73.35
India,KAIGA-1,PHWR,202,Operational,NPCIL,9/1/1989,1989,9/26/2000,10/12/2000,11/16/2000,,92,14.86666667,74.43888889
India,KAIGA-2,PHWR,202,Operational,NPCIL,12/1/1989,1989,9/24/1999,12/2/1999,3/16/2000,,98.3,14.86666667,74.43888889
India,RAJASTHAN-3,PHWR,202,Operational,NPCIL,2/1/1990,1990,12/24/1999,3/10/2000,6/1/2000,,98.2,24.87222222,75.61388889
India,RAJASTHAN-4,PHWR,202,Operational,NPCIL,10/1/1990,1990,11/3/2000,11/17/2000,12/23/2000,,91.4,24.87222222,75.61388889
India,TARAPUR-4,PHWR,490,Operational,NPCIL,3/8/2000,2000,3/6/2005,6/4/2005,9/12/2005,,88.8,19.82777778,72.66111111
India,TARAPUR-3,PHWR,490,Operational,NPCIL,5/12/2000,2000,5/21/2006,6/15/2006,8/18/2006,,82.1,19.82777778,72.66111111
India,KAIGA-3,PHWR,202,Operational,NPCIL,3/30/2002,2002,2/26/2007,4/11/2007,5/6/2007,,96.8,14.86666667,74.43888889
India,KUDANKULAM-1,PWR,917,Operational,NPCIL,3/31/2002,2002,7/13/2013,10/22/2013,6/30/2014,,0,8.16833333,77.7125
India,KAIGA-4,PHWR,202,Operational,NPCIL,5/10/2002,2002,11/27/2010,1/19/2011,1/20/2011,,76.8,14.86666667,74.43888889
India,KUDANKULAM-2,PWR,917,Under Construction,NPCIL,7/4/2002,2002,,,12/31/2014,,,8.16833333,77.7125
India,RAJASTHAN-5,PHWR,202,Operational,NPCIL,9/18/2002,2002,11/24/2009,12/22/2009,2/4/2010,,100,24.87222222,75.61388889
India,RAJASTHAN-6,PHWR,202,Operational,NPCIL,1/20/2003,2003,1/23/2010,3/28/2010,3/31/2010,,84.9,24.87222222,75.61388889
India,PFBR,FBR,470,Under Construction,BHAVINI,10/23/2004,2004,,,,,,.,.
India,KAKRAPAR-3,PHWR,630,Under Construction,NPCIL,11/22/2010,2010,12/31/2014,3/31/2015,6/30/2015,,,21.23861111,73.35
India,KAKRAPAR-4,PHWR,630,Under Construction,NPCIL,11/22/2010,2010,6/30/2015,9/30/2015,12/31/2015,,,21.23861111,73.35
India,RAJASTHAN-7,PHWR,630,Under Construction,NPCIL,7/18/2011,2011,12/31/2015,3/31/2016,6/30/2016,,,24.87222222,75.61388889
India,RAJASTHAN-8,PHWR,630,Under Construction,NPCIL,9/30/2011,2011,6/30/2016,9/30/2016,12/31/2016,,,24.87222222,75.61388889
Iran,BUSHEHR-1,PWR,915,Operational,NPPDCO,5/1/1975,1975,5/8/2011,9/3/2011,9/23/2013,,95.1,28.82888889,50.88722222
Italy,LATINA,GCR,153,Permanent Shutdown,SOGIN,11/1/1958,1958,12/27/1962,5/12/1963,1/1/1964,12/1/1987,,41.425384,12.807001
Italy,GARIGLIANO,BWR,150,Permanent Shutdown,SOGIN,11/1/1959,1959,6/5/1963,1/1/1964,6/1/1964,3/1/1982,,41.25833333,13.83472222
Italy,ENRICO FERMI,PWR,260,Permanent Shutdown,SOGIN,7/1/1961,1961,6/21/1964,10/22/1964,1/1/1965,7/1/1990,,41.9628,-83.2575
Italy,CAORSO,BWR,860,Permanent Shutdown,SOGIN,1/1/1970,1970,12/31/1977,5/23/1978,12/1/1981,7/1/1990,,45.07222222,9.87222222
Italy,CIRENE,HWLWR,35,Cancelled Constr.,ENELENEA,1/1/1979,1979,,,,1/1/1988,,39.21666667,-1.05
Italy,MONTALTO DI CASTRO-1,BWR,982,Cancelled Constr.,ENEL,7/1/1982,1982,,,,1/1/1988,,42.3588,11.5314
Italy,MONTALTO DI CASTRO-2,BWR,982,Cancelled Constr.,ENEL,7/1/1982,1982,,,,1/1/1988,,42.3588,11.5314
Japan,JPDR,BWR,12,Permanent Shutdown,JAEA,12/1/1960,1960,8/22/1963,10/26/1963,3/15/1965,3/18/1976,,.,.
Japan,TOKAI-1,GCR,137,Permanent Shutdown,JAPCO,3/1/1961,1961,5/4/1965,11/10/1965,7/25/1966,3/31/1998,,36.46638889,140.60666667
Japan,TSURUGA-1,BWR,340,Operational,JAPCO,11/24/1966,1966,10/3/1969,11/16/1969,3/14/1970,,0,35.75222222,136.02083333
Japan,MIHAMA-1,PWR,320,Operational,KEPCO,2/1/1967,1967,7/29/1970,8/8/1970,11/28/1970,,0,35.70243,135.963415
Japan,FUKUSHIMA-DAIICHI-1,BWR,439,Permanent Shutdown,TEPCO,7/25/1967,1967,10/10/1970,11/17/1970,3/26/1971,5/19/2011,,37.42138889,141.0325
Japan,MIHAMA-2,PWR,470,Operational,KEPCO,5/29/1968,1968,4/10/1972,4/21/1972,7/25/1972,,0,35.70243,135.963415
Japan,FUKUSHIMA-DAIICHI-2,BWR,760,Permanent Shutdown,TEPCO,6/9/1969,1969,5/10/1973,12/24/1973,7/18/1974,5/19/2011,,37.42138889,141.0325
Japan,TAKAHAMA-1,PWR,780,Operational,KEPCO,4/25/1970,1970,3/14/1974,3/27/1974,11/14/1974,,0,35.52222222,135.50472222
Japan,SHIMANE-1,BWR,439,Operational,CHUGOKU,7/2/1970,1970,6/1/1973,12/2/1973,3/29/1974,,0,35.53833333,132.99916667
Japan,FUKUSHIMA-DAIICHI-3,BWR,760,Permanent Shutdown,TEPCO,12/28/1970,1970,9/6/1974,10/26/1974,3/27/1976,5/19/2011,,37.42138889,141.0325
Japan,TAKAHAMA-2,PWR,780,Operational,KEPCO,3/9/1971,1971,12/20/1974,1/17/1975,11/14/1975,,0,35.52222222,135.50472222
Japan,HAMAOKA-1,BWR,515,Permanent Shutdown,CHUBU,6/10/1971,1971,6/20/1974,8/13/1974,3/17/1976,1/30/2009,,34.62361111,138.1425
Japan,GENKAI-1,PWR,529,Operational,KYUSHU,9/15/1971,1971,1/28/1975,2/14/1975,10/15/1975,,0,33.51555556,129.83722222
Japan,FUGEN ATR,HWLWR,148,Permanent Shutdown,JAEA,5/10/1972,1972,3/20/1978,7/29/1978,3/20/1979,3/29/2003,,35.75444444,136.01638889
Japan,FUKUSHIMA-DAIICHI-5,BWR,760,Permanent Shutdown,TEPCO,5/22/1972,1972,8/26/1977,9/22/1977,4/18/1978,12/17/2013,0,37.42138889,141.0325
Japan,MIHAMA-3,PWR,780,Operational,KEPCO,8/7/1972,1972,1/28/1976,2/19/1976,12/1/1976,,0,35.70243,135.963415
Japan,OHI-1,PWR,1120,Operational,KEPCO,10/26/1972,1972,12/2/1977,12/23/1977,3/27/1979,,0,35.54055556,135.65194444
Japan,OHI-2,PWR,1120,Operational,KEPCO,12/8/1972,1972,9/14/1978,10/11/1978,12/5/1979,,0,35.54055556,135.65194444
Japan,FUKUSHIMA-DAIICHI-4,BWR,760,Permanent Shutdown,TEPCO,2/12/1973,1973,1/28/1978,2/24/1978,10/12/1978,5/19/2011,,37.42138889,141.0325
Japan,IKATA-1,PWR,538,Operational,SHIKOKU,9/1/1973,1973,1/29/1977,2/17/1977,9/30/1977,,0,33.49083333,132.31111111
Japan,TOKAI-2,BWR,1060,Operational,JAPCO,10/3/1973,1973,1/18/1978,3/13/1978,11/28/1978,,0,36.46638889,140.60666667
Japan,FUKUSHIMA-DAIICHI-6,BWR,1067,Permanent Shutdown,TEPCO,10/26/1973,1973,3/9/1979,5/4/1979,10/24/1979,12/17/2013,0,37.42138889,141.0325
Japan,HAMAOKA-2,BWR,806,Permanent Shutdown,CHUBU,6/14/1974,1974,3/28/1978,5/4/1978,11/29/1978,1/30/2009,,34.62361111,138.1425
Japan,FUKUSHIMA-DAINI-1,BWR,1067,Operational,TEPCO,3/16/1976,1976,6/17/1981,7/31/1981,4/20/1982,,0,37.42138889,141.0325
Japan,GENKAI-2,PWR,529,Operational,KYUSHU,2/1/1977,1977,5/21/1980,6/3/1980,3/30/1981,,0,33.51555556,129.83722222
Japan,IKATA-2,PWR,538,Operational,SHIKOKU,8/1/1978,1978,7/31/1981,8/19/1981,3/19/1982,,0,33.49083333,132.31111111
Japan,FUKUSHIMA-DAINI-2,BWR,1067,Operational,TEPCO,5/25/1979,1979,4/26/1983,6/23/1983,2/3/1984,,0,37.42138889,141.0325
Japan,SENDAI-1,PWR,846,Operational,KYUSHU,12/15/1979,1979,8/25/1983,9/16/1983,7/4/1984,,0,52.723774,12.017516
Japan,KASHIWAZAKI KARIWA-1,BWR,1067,Operational,TEPCO,6/5/1980,1980,12/12/1984,2/13/1985,9/18/1985,,0,37.42639,138.59444
Japan,ONAGAWA-1,BWR,498,Operational,TOHOKU,7/8/1980,1980,10/18/1983,11/18/1983,6/1/1984,,0,38.40111111,141.49972222
Japan,TAKAHAMA-3,PWR,830,Operational,KEPCO,12/12/1980,1980,4/17/1984,5/9/1984,1/17/1985,,0,35.52222222,135.50472222
Japan,TAKAHAMA-4,PWR,830,Operational,KEPCO,3/19/1981,1981,10/11/1984,11/1/1984,6/5/1985,,0,35.52222222,135.50472222
Japan,FUKUSHIMA-DAINI-3,BWR,1067,Operational,TEPCO,3/23/1981,1981,10/18/1984,12/14/1984,6/21/1985,,0,37.42138889,141.0325
Japan,FUKUSHIMA-DAINI-4,BWR,1067,Operational,TEPCO,5/28/1981,1981,10/24/1986,12/17/1986,8/25/1987,,0,37.42138889,141.0325
Japan,SENDAI-2,PWR,846,Operational,KYUSHU,10/12/1981,1981,3/18/1985,4/5/1985,11/28/1985,,0,52.723774,12.017516
Japan,TSURUGA-2,PWR,1108,Operational,JAPCO,11/6/1982,1982,5/28/1986,6/19/1986,2/17/1987,,0,35.75222222,136.02083333
Japan,HAMAOKA-3,BWR,1056,Operational,CHUBU,4/18/1983,1983,11/21/1986,1/20/1987,8/28/1987,,0,34.62361111,138.1425
Japan,SHIMANE-2,BWR,789,Operational,CHUGOKU,2/2/1985,1985,5/25/1988,7/11/1988,2/10/1989,,0,35.53833333,132.99916667
Japan,TOMARI-1,PWR,550,Operational,HEPCO,4/18/1985,1985,11/16/1988,12/6/1988,6/22/1989,,0,43.03722222,140.51333333
Japan,TOMARI-2,PWR,550,Operational,HEPCO,6/13/1985,1985,7/25/1990,8/27/1990,4/12/1991,,0,43.03722222,140.51333333
Japan,KASHIWAZAKI KARIWA-5,BWR,1067,Operational,TEPCO,6/20/1985,1985,7/20/1989,9/12/1989,4/10/1990,,0,37.42639,138.59444
Japan,KASHIWAZAKI KARIWA-2,BWR,1067,Operational,TEPCO,11/18/1985,1985,11/30/1989,2/8/1990,9/28/1990,,0,37.42639,138.59444
Japan,MONJU,FBR,246,Operational,JAEA,5/10/1986,1986,4/5/1994,8/29/1995,,,0,35.74027778,135.98805556
Japan,OHI-3,PWR,1127,Operational,KEPCO,10/3/1987,1987,5/17/1991,6/7/1991,12/18/1991,,67.1,35.54055556,135.65194444
Japan,GENKAI-3,PWR,1127,Operational,KYUSHU,6/1/1988,1988,5/28/1993,6/15/1993,3/18/1994,,0,33.51555556,129.83722222
Japan,OHI-4,PWR,1127,Operational,KEPCO,6/13/1988,1988,5/28/1992,6/19/1992,2/2/1993,,70.7,35.54055556,135.65194444
Japan,KASHIWAZAKI KARIWA-3,BWR,1067,Operational,TEPCO,3/7/1989,1989,10/19/1992,12/8/1992,8/11/1993,,0,37.42639,138.59444
Japan,SHIKA-1,BWR,505,Operational,HOKURIKU,7/1/1989,1989,11/20/1992,1/12/1993,7/30/1993,,0,37.06111111,136.72638889
Japan,HAMAOKA-4,BWR,1092,Operational,CHUBU,10/13/1989,1989,12/2/1992,1/27/1993,9/3/1993,,0,34.62361111,138.1425
Japan,KASHIWAZAKI KARIWA-4,BWR,1067,Operational,TEPCO,3/5/1990,1990,11/1/1993,12/21/1993,8/11/1994,,0,37.42639,138.59444
Japan,IKATA-3,PWR,846,Operational,SHIKOKU,10/1/1990,1990,2/23/1994,3/29/1994,12/15/1994,,0,33.49083333,132.31111111
Japan,ONAGAWA-2,BWR,796,Operational,TOHOKU,4/12/1991,1991,11/2/1994,12/23/1994,7/28/1995,,0,38.40111111,141.49972222
Japan,GENKAI-4,PWR,1127,Operational,KYUSHU,7/15/1992,1992,10/23/1996,11/12/1996,7/25/1997,,0,33.51555556,129.83722222
Japan,KASHIWAZAKI KARIWA-6,BWR,1315,Operational,TEPCO,11/3/1992,1992,12/18/1995,1/29/1996,11/7/1996,,0,37.42639,138.59444
Japan,KASHIWAZAKI KARIWA-7,BWR,1315,Operational,TEPCO,7/1/1993,1993,11/1/1996,12/17/1996,7/2/1997,,0,37.42639,138.59444
Japan,ONAGAWA-3,BWR,796,Operational,TOHOKU,1/23/1998,1998,4/26/2001,5/30/2001,1/30/2002,,0,38.40111111,141.49972222
Japan,HAMAOKA-5,BWR,1325,Operational,CHUBU,7/12/2000,2000,3/23/2004,4/30/2004,1/18/2005,,0,34.62361111,138.1425
Japan,HIGASHI DORI-1 (TOHOKU),BWR,1067,Operational,TOHOKU,11/7/2000,2000,1/24/2005,3/9/2005,12/8/2005,,0,41.18805556,141.39027778
Japan,SHIKA-2,BWR,1108,Operational,HOKURIKU,8/20/2001,2001,5/26/2005,7/4/2005,3/15/2006,,0,37.06111111,136.72638889
Japan,TOMARI-3,PWR,866,Operational,HEPCO,11/18/2004,2004,3/3/2009,3/20/2009,12/22/2009,,0,43.03722222,140.51333333
Japan,SHIMANE-3,BWR,1325,Under Construction,CHUGOKU,10/12/2007,2007,,,,,,35.53833333,132.99916667
Japan,OHMA,BWR,1325,Under Construction,EPDC,5/7/2010,2010,,,,,,.,.
Kazakhstan,AKTAU,FBR,52,Permanent Shutdown,MAEC-KAZ,10/1/1964,1964,11/1/1972,7/16/1973,7/16/1973,4/22/1999,,.,.
Mexico,LAGUNA VERDE-1,BWR,665,Operational,CFE,10/1/1976,1976,11/8/1988,4/13/1989,7/29/1990,,97.5,19.72078333,-96.40634167
Mexico,LAGUNA VERDE-2,BWR,665,Operational,CFE,6/1/1977,1977,9/6/1994,11/11/1994,4/10/1995,,97.8,19.72078333,-96.40634167
Netherlands,DODEWAARD,BWR,55,Permanent Shutdown,BV GKN,5/1/1965,1965,6/24/1968,10/18/1968,3/26/1969,3/26/1997,,51.899444,5.686111
Netherlands,BORSSELE,PWR,482,Operational,EPZ,7/1/1969,1969,6/20/1973,7/4/1973,10/26/1973,,64.8,51.431944,3.716667
Pakistan,KANUPP,PHWR,90,Operational,PAEC,8/1/1966,1966,8/1/1971,10/18/1971,12/7/1972,,62.6,.,.
Pakistan,CHASNUPP-1,PWR,300,Operational,PAEC,8/1/1993,1993,5/3/2000,6/13/2000,9/15/2000,,84,.,.
Pakistan,CHASNUPP-2,PWR,300,Operational,PAEC,12/28/2005,2005,2/22/2011,3/14/2011,5/18/2011,,64.7,.,.
Pakistan,CHASNUPP-3,PWR,315,Under Construction,PAEC,5/28/2011,2011,8/1/2016,9/1/2016,12/1/2016,,,.,.
Pakistan,CHASNUPP-4,PWR,315,Under Construction,PAEC,12/18/2011,2011,6/1/2017,7/1/2017,10/1/2017,,,.,.
Philippines,BNPP-1,PWR,620,Cancelled Constr.,RPNPC,7/1/1976,1976,,,,5/1/1986,,.,.
Poland,ZARNOWIEC-1,PWR,440,Cancelled Constr.,EJZ,1/1/1983,1983,,,,9/4/1990,,.,.
Poland,ZARNOWIEC-2,PWR,440,Cancelled Constr.,EJZ,1/1/1983,1983,,,,9/4/1990,,.,.
Romania,CERNAVODA-1,PHWR,650,Operational,SNN,7/1/1982,1982,4/16/1996,7/11/1996,12/2/1996,,98.6,44.32234722,28.05728056
Romania,CERNAVODA-2,PHWR,650,Operational,SNN,7/1/1983,1983,5/6/2007,8/7/2007,10/31/2007,,89.2,44.32234722,28.05728056
Romania,CERNAVODA-3,PHWR,655,Suspended Constr.,SNN,2/9/1984,1984,,,,,,44.32234722,28.05728056
Romania,CERNAVODA-4,PHWR,655,Suspended Constr.,SNN,8/15/1985,1985,,,,,,44.32234722,28.05728056
Romania,CERNAVODA-5,PHWR,655,Cancelled Constr.,SNN,5/12/1987,1987,,,,,,44.32234722,28.05728056
Russia,APS-1 OBNINSK,LWGR,5,Permanent Shutdown,MSM,1/1/1951,1951,5/6/1954,6/27/1954,12/1/1954,4/29/2002,,55.08531944,36.57404444
Russia,NOVOVORONEZH-1,PWR,197,Permanent Shutdown,REA,7/1/1957,1957,12/17/1963,9/30/1964,12/31/1964,2/16/1988,,51.275,39.2
Russia,BELOYARSK-1,LWGR,102,Permanent Shutdown,REA,6/1/1958,1958,9/1/1963,4/26/1964,4/26/1964,1/1/1983,,56.85,61.31666667
Russia,BELOYARSK-2,LWGR,146,Permanent Shutdown,REA,1/1/1962,1962,10/10/1967,12/29/1967,12/1/1969,1/1/1990,,56.85,61.31666667
Russia,NOVOVORONEZH-2,PWR,336,Permanent Shutdown,REA,6/1/1964,1964,12/23/1969,12/27/1969,4/14/1970,8/29/1990,,51.275,39.2
Russia,NOVOVORONEZH-3,PWR,385,Operational,REA,7/1/1967,1967,12/22/1971,12/27/1971,6/29/1972,,85.2,51.275,39.2
Russia,NOVOVORONEZH-4,PWR,385,Operational,REA,7/1/1967,1967,12/25/1972,12/28/1972,3/24/1973,,90.4,51.275,39.2
Russia,BELOYARSK-3,FBR,560,Operational,REA,1/1/1969,1969,2/26/1980,4/8/1980,11/1/1981,,77.8,56.85,61.31666667
Russia,BILIBINO-1,LWGR,11,Operational,REA,1/1/1970,1970,12/11/1973,1/12/1974,4/1/1974,,79.1,68.05722222,166.455
Morocco,Sidi Boulbra Nuclear Power Plant,Not known yet,2 x 1000 MWe,Planned,,N/A,,,,2025-2030,,,.,.
Russia,BILIBINO-2,LWGR,11,Operational,REA,1/1/1970,1970,12/7/1974,12/30/1974,2/1/1975,,85.8,68.05722222,166.455
Russia,BILIBINO-3,LWGR,11,Operational,REA,1/1/1970,1970,12/6/1975,12/22/1975,2/1/1976,,85.6,68.05722222,166.455
Russia,BILIBINO-4,LWGR,11,Operational,REA,1/1/1970,1970,12/12/1976,12/27/1976,1/1/1977,,87.4,68.05722222,166.455
Russia,LENINGRAD-1,LWGR,925,Operational,REA,3/1/1970,1970,9/12/1973,12/21/1973,11/1/1974,,6.9,54.940619,22.166276
Russia,KOLA-1,PWR,411,Operational,REA,5/1/1970,1970,6/26/1973,6/29/1973,12/28/1973,,84,67.46666667,32.46666667
Russia,KOLA-2,PWR,411,Operational,REA,5/1/1970,1970,11/30/1974,12/9/1974,2/21/1975,,82.8,67.46666667,32.46666667
Russia,LENINGRAD-2,LWGR,925,Operational,REA,6/1/1970,1970,5/6/1975,7/11/1975,2/11/1976,,42.4,54.940619,22.166276
Russia,KURSK-1,LWGR,925,Operational,REA,6/1/1972,1972,10/25/1976,12/19/1976,10/12/1977,,81.4,51.675,35.60555556
Russia,KURSK-2,LWGR,925,Operational,REA,1/1/1973,1973,12/16/1978,1/28/1979,8/17/1979,,18.3,51.675,35.60555556
Russia,LENINGRAD-3,LWGR,925,Operational,REA,12/1/1973,1973,9/17/1979,12/7/1979,6/29/1980,,83.9,54.940619,22.166276
Russia,NOVOVORONEZH-5,PWR,950,Operational,REA,3/1/1974,1974,4/30/1980,5/31/1980,2/20/1981,,86.2,51.275,39.2
Russia,LENINGRAD-4,LWGR,925,Operational,REA,2/1/1975,1975,12/29/1980,2/9/1981,8/29/1981,,85.9,54.940619,22.166276
Russia,SMOLENSK-1,LWGR,925,Operational,REA,10/1/1975,1975,9/10/1982,12/9/1982,9/30/1983,,93.8,54.16666667,33.23333333
Russia,SMOLENSK-2,LWGR,925,Operational,REA,6/1/1976,1976,4/9/1985,5/31/1985,7/2/1985,,32.6,54.16666667,33.23333333
Russia,KOLA-4,PWR,411,Operational,REA,8/1/1976,1976,10/7/1984,10/11/1984,12/6/1984,,83.2,67.46666667,32.46666667
Russia,KALININ-1,PWR,950,Operational,REA,2/1/1977,1977,4/10/1984,5/9/1984,6/12/1985,,78.7,54.940619,22.166276
Russia,KOLA-3,PWR,411,Operational,REA,4/1/1977,1977,2/7/1981,3/24/1981,12/3/1982,,73.8,67.46666667,32.46666667
Russia,KURSK-3,LWGR,925,Operational,REA,4/1/1978,1978,8/9/1983,10/17/1983,3/30/1984,,87.2,51.675,35.60555556
Russia,BALAKOVO-1,PWR,950,Operational,REA,12/1/1980,1980,12/12/1985,12/28/1985,5/23/1986,,99.6,52.09444444,47.95833333
Russia,KURSK-4,LWGR,925,Operational,REA,5/1/1981,1981,10/31/1985,12/2/1985,2/5/1986,,74.8,51.675,35.60555556
Russia,BALAKOVO-2,PWR,950,Operational,REA,8/1/1981,1981,10/2/1987,10/8/1987,1/18/1988,,96.5,52.09444444,47.95833333
Russia,ROSTOV-1,PWR,950,Operational,REA,9/1/1981,1981,2/23/2001,3/30/2001,12/25/2001,,98.1,47.59944444,42.36416667
Russia,GORKIY (HEAT ONLY),BWR,0,Cancelled Constr.,REA,1/1/1982,1982,,,,12/1/1993,,.,.
Russia,KALININ-2,PWR,950,Operational,REA,2/1/1982,1982,11/25/1986,12/3/1986,3/3/1987,,97.6,54.940619,22.166276
Russia,BALAKOVO-3,PWR,950,Operational,REA,11/1/1982,1982,12/16/1988,12/25/1988,4/8/1989,,84.9,52.09444444,47.95833333
Russia,BASHKIRSK-1,PWR,950,Cancelled Constr.,REA,1/1/1983,1983,,,,12/1/1993,,55.8836,53.9943
Russia,VORONEZH (HEAT ONLY)-1,BWR,0,Suspended Constr.,REA,9/1/1983,1983,,,,,,.,.
Russia,BASHKIRSK-2,PWR,950,Cancelled Constr.,REA,12/1/1983,1983,,,,12/1/1993,,55.8836,53.9943
Russia,ROSTOV-2,PWR,950,Operational,REA,5/1/1983,1983,1/22/2010,3/18/2010,12/10/2010,,92.8,47.59944444,42.36416667
Russia,SMOLENSK-4,LWGR,925,Cancelled Constr.,REA,10/1/1984,1984,,,,12/1/1993,,54.16666667,33.23333333
Russia,BALAKOVO-4,PWR,950,Operational,REA,4/1/1984,1984,3/24/1993,4/11/1993,12/22/1993,,89.1,52.09444444,47.95833333
Russia,SMOLENSK-3,LWGR,925,Operational,REA,5/1/1984,1984,12/29/1989,1/17/1990,10/12/1990,,95.2,54.16666667,33.23333333
Russia,VORONEZH (HEAT ONLY)-2,BWR,0,Suspended Constr.,REA,5/1/1985,1985,,,,,,.,.
Russia,KALININ-3,PWR,950,Operational,REA,10/1/1985,1985,11/25/2004,12/16/2004,11/8/2005,,76.2,54.940619,22.166276
Russia,KURSK-5,LWGR,915,Cancelled Constr.,REA,12/1/1985,1985,,,,8/15/2012,,51.675,35.60555556
Russia,KURSK-6,LWGR,925,Cancelled Constr.,REA,8/1/1986,1986,,,,12/1/1993,,51.675,35.60555556
Russia,SOUTH URALSK-1,FBR,750,Suspended Constr.,REA,1/1/1986,1986,,,,,,55.7461,60.8938
Russia,SOUTH URALSK-2,FBR,750,Suspended Constr.,REA,1/1/1986,1986,,,,,,55.7461,60.8938
Russia,KALININ-4,PWR,950,Operational,REA,8/1/1986,1986,11/8/2011,11/24/2011,12/25/2012,,75.7,54.940619,22.166276
Russia,BALAKOVO-5,PWR,950,Suspended Constr.,REA,4/1/1987,1987,,,,,,52.09444444,47.95833333
Russia,TATAR-1 (KAMA),PWR,950,Cancelled Constr.,REA,4/1/1987,1987,,,,12/1/1993,,.,.
Russia,BALAKOVO-6,PWR,950,Suspended Constr.,REA,5/1/1988,1988,,,,,,52.09444444,47.95833333
Russia,TATAR-2 (KAMA),PWR,950,Cancelled Constr.,REA,5/1/1988,1988,,,,12/1/1993,,.,.
Russia,BELOYARSK-4,FBR,789,Under Construction,REA,7/18/2006,2006,6/27/2014,,12/31/2015,,,56.85,61.31666667
Russia,AKADEMIK LOMONOSOV-1,PWR,32,Under Construction,REA,4/15/2007,2007,,,12/31/2019,,,.,.
Russia,AKADEMIK LOMONOSOV-2,PWR,32,Under Construction,REA,4/15/2007,2007,,,12/31/2019,,,.,.
Russia,NOVOVORONEZH 2-1,PWR,1114,Under Construction,REA,6/24/2008,2008,,,12/31/2015,,,51.275,39.2
Russia,LENINGRAD 2-1,PWR,1085,Under Construction,REA,10/25/2008,2008,,,12/31/2016,,,54.940619,22.166276
Russia,NOVOVORONEZH 2-2,PWR,1114,Under Construction,REA,7/12/2009,2009,,,12/31/2017,,,51.275,39.2
Russia,ROSTOV-3,PWR,1011,Under Construction,REA,9/15/2009,2009,,,12/31/2015,,,47.59944444,42.36416667
Russia,LENINGRAD 2-2,PWR,1085,Under Construction,REA,4/15/2010,2010,,,12/31/2018,,,54.940619,22.166276
Russia,ROSTOV-4,PWR,1011,Under Construction,REA,6/16/2010,2010,,,12/31/2018,,,47.59944444,42.36416667
Russia,BALTIC-1,PWR,1109,Under Construction,REA,2/22/2012,2012,,12/31/2018,12/1/2019,,,54.940619,22.166276
Slovenia,KRSKO,PWR,688,Operational,NEK,3/30/1975,1975,9/11/1981,10/2/1981,1/1/1983,,83.5,51.675,35.60555556
South Africa,KOEBERG-1,PWR,930,Operational,ESKOM,7/1/1976,1976,3/14/1984,4/4/1984,7/21/1984,,68.1,-33.67666667,18.43194444
South Africa,KOEBERG-2,PWR,930,Operational,ESKOM,7/1/1976,1976,7/7/1985,7/25/1985,11/9/1985,,99.8,-33.67666667,18.43194444
South Korea,KORI-1,PWR,576,Operational,KHNP,4/27/1972,1972,6/19/1977,6/26/1977,4/29/1978,,49.9,35.31666667,129.3
South Korea,WOLSONG-1,PHWR,657,Operational,KHNP,10/30/1977,1977,11/21/1982,12/31/1982,4/22/1983,,100,35.71111111,129.475
South Korea,KORI-2,PWR,639,Operational,KHNP,12/4/1977,1977,4/9/1983,4/22/1983,7/25/1983,,80.3,35.31666667,129.3
South Korea,KORI-3,PWR,1011,Operational,KHNP,10/1/1979,1979,1/1/1985,1/22/1985,9/30/1985,,100,35.31666667,129.3
South Korea,KORI-4,PWR,1010,Operational,KHNP,4/1/1980,1980,10/26/1985,11/15/1985,4/29/1986,,75.4,35.31666667,129.3
South Korea,HANBIT-1,PWR,960,Operational,KHNP,6/4/1981,1981,1/31/1986,3/5/1986,8/25/1986,,81.8,35.415,126.42388889
South Korea,HANBIT-2,PWR,958,Operational,KHNP,12/10/1981,1981,10/15/1986,11/11/1986,6/10/1987,,73.2,35.415,126.42388889
South Korea,HANUL-1,PWR,960,Operational,KHNP,1/26/1983,1983,2/25/1988,4/7/1988,9/10/1988,,85.6,37.1,129.38333333
South Korea,HANUL-2,PWR,962,Operational,KHNP,7/5/1983,1983,2/25/1989,4/14/1989,9/30/1989,,88,37.1,129.38333333
South Korea,HANBIT-3,PWR,997,Operational,KHNP,12/23/1989,1989,10/13/1994,10/30/1994,3/31/1995,,54.3,35.415,126.42388889
South Korea,HANBIT-4,PWR,997,Operational,KHNP,5/26/1990,1990,7/7/1995,7/18/1995,1/1/1996,,86.8,35.415,126.42388889
South Korea,WOLSONG-2,PHWR,655,Operational,KHNP,6/22/1992,1992,1/29/1997,4/1/1997,7/1/1997,,82,35.71111111,129.475
South Korea,HANUL-3,PWR,994,Operational,KHNP,7/21/1993,1993,12/21/1997,1/6/1998,8/11/1998,,100,37.1,129.38333333
South Korea,HANUL-4,PWR,998,Operational,KHNP,11/1/1993,1993,12/14/1998,12/28/1998,12/31/1999,,37.8,37.1,129.38333333
South Korea,WOLSONG-3,PHWR,684,Operational,KHNP,3/17/1994,1994,2/19/1998,3/25/1998,7/1/1998,,90.5,35.71111111,129.475
South Korea,WOLSONG-4,PHWR,688,Operational,KHNP,7/22/1994,1994,4/10/1999,5/21/1999,10/1/1999,,88.5,35.71111111,129.475
South Korea,HANBIT-5,PWR,997,Operational,KHNP,6/29/1997,1997,11/24/2001,12/19/2001,5/21/2002,,94.3,35.415,126.42388889
South Korea,HANBIT-6,PWR,995,Operational,KHNP,11/20/1997,1997,9/1/2002,9/16/2002,12/24/2002,,98,35.415,126.42388889
South Korea,HANUL-5,PWR,996,Operational,KHNP,10/1/1999,1999,11/28/2003,12/18/2003,7/29/2004,,85.4,37.1,129.38333333
South Korea,HANUL-6,PWR,996,Operational,KHNP,9/29/2000,2000,12/16/2004,1/7/2005,4/22/2005,,99.9,37.1,129.38333333
South Korea,SHIN-KORI-1,PWR,1000,Operational,KHNP,6/16/2006,2006,7/15/2010,8/4/2010,2/28/2011,,26.5,35.31666667,129.3
South Korea,SHIN-KORI-2,PWR,1000,Operational,KHNP,6/5/2007,2007,12/27/2011,1/28/2012,7/20/2012,,40.6,35.31666667,129.3
South Korea,SHIN-WOLSONG-1,PWR,991,Operational,KHNP,11/20/2007,2007,1/6/2012,1/27/2012,7/31/2012,,37.9,35.71111111,129.475
South Korea,SHIN-WOLSONG-2,PWR,960,Under Construction,KHNP,9/23/2008,2008,,,,,,35.71111111,129.475
South Korea,SHIN-KORI-3,PWR,1340,Under Construction,KHNP,10/16/2008,2008,,,,,,35.31666667,129.3
South Korea,SHIN-KORI-4,PWR,1340,Under Construction,KHNP,8/19/2009,2009,,,,,,35.31666667,129.3
South Korea,SHIN-HANUL-1,PWR,1340,Under Construction,KHNP,7/10/2012,2012,,,6/30/2016,,,.,.
South Korea,SHIN-HANUL-2,PWR,1340,Under Construction,KHNP,6/19/2013,2013,,,6/30/2017,,,.,.
Soviet Union,ARMENIAN-1,PWR,376,Permanent Shutdown,ANPPCJSC,7/1/1969,1969,12/15/1976,12/22/1976,10/6/1977,2/25/1989,,.,.
Soviet Union,CHERNOBYL-1,LWGR,740,Permanent Shutdown,MTE,3/1/1970,1970,8/2/1977,9/26/1977,5/27/1978,11/30/1996,,51.389553,30.099147
Soviet Union,CHERNOBYL-2,LWGR,925,Permanent Shutdown,MTE,2/1/1973,1973,11/17/1978,12/21/1978,5/28/1979,10/11/1991,,51.389553,30.099147
Soviet Union,ROVNO-1,PWR,381,Operational,NNEGC,8/1/1973,1973,12/17/1980,12/22/1980,9/22/1981,,83.6,51.32777778,25.89166667
Soviet Union,ROVNO-2,PWR,376,Operational,NNEGC,10/1/1973,1973,12/19/1981,12/22/1981,7/29/1982,,88.6,51.32777778,25.89166667
Soviet Union,ARMENIAN-2,PWR,375,Operational,ANPPCJSC,7/1/1975,1975,1/1/1980,1/5/1980,5/3/1980,,66.4,.,.
Soviet Union,CHERNOBYL-3,LWGR,925,Permanent Shutdown,MTE,3/1/1976,1976,6/2/1981,12/3/1981,6/8/1982,12/15/2000,,51.389553,30.099147
Soviet Union,SOUTH UKRAINE-1,PWR,950,Operational,NNEGC,8/1/1976,1976,12/9/1982,12/31/1982,12/2/1983,,20.6,55.7461,60.8938
Soviet Union,IGNALINA-1,LWGR,1185,Permanent Shutdown,INPP,5/1/1977,1977,10/4/1983,12/31/1983,5/1/1985,12/31/2004,,55.604444,26.56
Soviet Union,IGNALINA-2,LWGR,1185,Permanent Shutdown,INPP,1/1/1978,1978,12/1/1986,8/20/1987,12/1/1987,12/31/2009,,55.604444,26.56
Soviet Union,CHERNOBYL-4,LWGR,925,Permanent Shutdown,MTE,4/1/1979,1979,11/26/1983,12/22/1983,3/26/1984,4/26/1986,,51.389553,30.099147
Soviet Union,ROVNO-3,PWR,950,Operational,NNEGC,2/1/1980,1980,11/11/1986,12/21/1986,5/16/1987,,81.2,51.32777778,25.89166667
Soviet Union,ZAPOROZHYE-1,PWR,950,Operational,NNEGC,4/1/1980,1980,12/7/1984,12/10/1984,12/25/1985,,72.5,47.51222222,34.58583333
Soviet Union,ZAPOROZHYE-2,PWR,950,Operational,NNEGC,1/1/1981,1981,6/28/1985,7/22/1985,2/15/1986,,97.3,47.51222222,34.58583333
Soviet Union,SOUTH UKRAINE-2,PWR,950,Operational,NNEGC,7/1/1981,1981,12/30/1984,1/6/1985,4/6/1985,,75.6,55.7461,60.8938
Soviet Union,KHMELNITSKI-1,PWR,950,Operational,NNEGC,11/1/1981,1981,12/10/1987,12/31/1987,8/13/1988,,87.5,50.305,26.645
Soviet Union,ZAPOROZHYE-3,PWR,950,Operational,NNEGC,4/1/1982,1982,12/4/1986,12/10/1986,3/5/1987,,83.6,47.51222222,34.58583333
Soviet Union,ZAPOROZHYE-4,PWR,950,Operational,NNEGC,4/1/1983,1983,12/15/1987,12/18/1987,4/14/1988,,84.2,47.51222222,34.58583333
Soviet Union,SOUTH UKRAINE-3,PWR,950,Operational,NNEGC,11/1/1984,1984,9/2/1989,9/20/1989,12/29/1989,,75.6,55.7461,60.8938
Soviet Union,KHMELNITSKI-2,PWR,950,Operational,NNEGC,2/1/1985,1985,8/1/2004,8/7/2004,12/15/2005,,84.3,50.305,26.645
Soviet Union,IGNALINA-3,LWGR,1380,Cancelled Constr.,INPP,6/1/1985,1985,,,,8/30/1988,,55.604444,26.56
Soviet Union,ZAPOROZHYE-5,PWR,950,Operational,NNEGC,11/1/1985,1985,7/20/1989,8/14/1989,10/27/1989,,83,47.51222222,34.58583333
Soviet Union,KHMELNITSKI-3,PWR,950,Under Construction,NNEGC,3/1/1986,1986,,1/1/2015,,,,50.305,26.645
Soviet Union,ZAPOROZHYE-6,PWR,950,Operational,NNEGC,6/1/1986,1986,10/6/1995,10/19/1995,9/17/1996,,77.2,47.51222222,34.58583333
Soviet Union,ROVNO-4,PWR,950,Operational,NNEGC,8/1/1986,1986,9/26/2004,10/10/2004,4/6/2006,,84.7,51.32777778,25.89166667
Soviet Union,KHMELNITSKI-4,PWR,950,Under Construction,NNEGC,2/1/1987,1987,,1/1/2016,,,,50.305,26.645
Spain,JOSE CABRERA-1,PWR,141,Permanent Shutdown,UFG,6/24/1964,1964,6/30/1968,7/14/1968,8/13/1969,4/30/2006,,40.349167,-2.884444
Spain,SANTA MARIA DE GARONA,BWR,446,Operational,NUCLENOR,9/1/1966,1966,11/5/1970,3/2/1971,5/11/1971,,0,42.775,-3.20833333
Spain,VANDELLOS-1,GCR,480,Permanent Shutdown,HIFRENSA,6/21/1968,1968,2/11/1972,5/6/1972,8/2/1972,7/31/1990,,40.95138889,0.86666667
Spain,ALMARAZ-1,PWR,1011,Operational,CNAT,7/3/1973,1973,4/5/1981,5/1/1981,9/1/1983,,88.3,39.80805556,-5.69694444
Spain,ALMARAZ-2,PWR,1006,Operational,CNAT,7/3/1973,1973,9/19/1983,10/8/1983,7/1/1984,,85.9,39.80805556,-5.69694444
Spain,LEMONIZ-1,PWR,883,Cancelled Constr.,ID,3/14/1974,1974,,,,4/1/1984,,43.43333,-2.8725
Spain,LEMONIZ-2,PWR,883,Cancelled Constr.,ID,3/14/1974,1974,,,,4/1/1984,,43.43333,-2.8725
Spain,ASCO-1,PWR,995,Operational,ANAV,5/16/1974,1974,6/16/1983,8/13/1983,12/10/1984,,99.9,41.2,0.56944444
Spain,ASCO-2,PWR,997,Operational,ANAV,3/7/1975,1975,9/11/1985,10/23/1985,3/31/1986,,84.3,41.2,0.56944444
Spain,COFRENTES,BWR,1064,Operational,ID,9/9/1975,1975,8/23/1984,10/14/1984,3/11/1985,,88,39.21666667,-1.05
Spain,TRILLO-1,PWR,1003,Operational,CNAT,8/17/1979,1979,5/14/1988,5/23/1988,8/6/1988,,86.6,40.70138889,-2.62222222
Spain,VALDECABALLEROS-1,BWR,939,Cancelled Constr.,ID/CSE,8/17/1979,1979,,,,4/1/1984,,39.29083,-5.18056
Spain,VALDECABALLEROS-2,BWR,939,Cancelled Constr.,ID/CSE,8/17/1979,1979,,,,4/1/1984,,39.29083,-5.18056
Spain,VANDELLOS-2,PWR,1045,Operational,ANAV,12/29/1980,1980,11/14/1987,12/12/1987,3/8/1988,,85.8,40.95138889,0.86666667
Sweden,AGESTA,PHWR,10,Permanent Shutdown,BKAB,12/1/1957,1957,7/17/1963,5/1/1964,5/1/1964,6/2/1974,,59.20611111,18.0825
Sweden,OSKARSHAMN-1,BWR,473,Operational,OKG,8/1/1966,1966,12/12/1970,8/19/1971,2/6/1972,,14.3,57.41555556,16.67111111
Sweden,RINGHALS-1,BWR,878,Operational,RAB,2/1/1969,1969,8/20/1973,10/14/1974,1/1/1976,,80.6,57.26111111,12.10833333
Sweden,OSKARSHAMN-2,BWR,638,Operational,OKG,9/1/1969,1969,3/6/1974,10/2/1974,1/1/1975,,32.7,57.41555556,16.67111111
Sweden,RINGHALS-2,PWR,807,Operational,RAB,10/1/1970,1970,6/19/1974,8/17/1974,5/1/1975,,86.4,57.26111111,12.10833333
Sweden,BARSEBACK-1,BWR,600,Permanent Shutdown,BKAB,2/1/1971,1971,1/18/1975,5/15/1975,7/1/1975,11/30/1999,,55.74444444,12.92083333
Sweden,RINGHALS-3,PWR,1062,Operational,RAB,9/1/1972,1972,7/29/1980,9/7/1980,9/9/1981,,77,57.26111111,12.10833333
Sweden,BARSEBACK-2,BWR,600,Permanent Shutdown,BKAB,1/1/1973,1973,2/20/1977,3/21/1977,7/1/1977,5/31/2005,,55.74444444,12.92083333
Sweden,FORSMARK-1,BWR,984,Operational,FKA,6/1/1973,1973,4/23/1980,6/6/1980,12/10/1980,,87.8,60.40333333,18.16666667
Sweden,RINGHALS-4,PWR,938,Operational,RAB,11/1/1973,1973,5/19/1982,6/23/1982,11/21/1983,,91.4,57.26111111,12.10833333
Sweden,FORSMARK-2,BWR,1120,Operational,FKA,1/1/1975,1975,11/16/1980,1/26/1981,7/7/1981,,91.9,60.40333333,18.16666667
Sweden,FORSMARK-3,BWR,1170,Operational,FKA,1/1/1979,1979,10/28/1984,3/5/1985,8/18/1985,,88.6,60.40333333,18.16666667
Sweden,OSKARSHAMN-3,BWR,1400,Operational,OKG,5/1/1980,1980,12/29/1984,3/3/1985,8/15/1985,,78.8,57.41555556,16.67111111
Switzerland,LUCENS,HWGCR,6,Permanent Shutdown,EOS,4/1/1962,1962,12/29/1966,1/29/1968,,1/21/1969,,46.692824,6.826892
Switzerland,BEZNAU-1,PWR,365,Operational,Axpo AG,9/1/1965,1965,6/30/1969,7/17/1969,9/1/1969,,96.6,47.5522,8.22778
Switzerland,MUEHLEBERG,BWR,373,Operational,BKW,3/1/1967,1967,3/8/1971,7/1/1971,11/6/1972,,89.5,46.9708,7.27028
Switzerland,BEZNAU-2,PWR,365,Operational,Axpo AG,1/1/1968,1968,10/16/1971,10/23/1971,12/1/1971,,90.8,47.5522,8.22778
Switzerland,GOESGEN,PWR,985,Operational,KKG,12/1/1973,1973,1/20/1979,2/2/1979,11/1/1979,,73.4,47.3658,7.96889
Switzerland,LEIBSTADT,BWR,1220,Operational,KKL,1/1/1974,1974,3/9/1984,5/24/1984,12/15/1984,,92.2,47.6013,8.18375
Thailand,EGAT Nuclear Power Plant #1,LWR,1000,,,2020,,,,2026,,,.,.
Thailand,EGAT Nuclear Power Plant #2,LWR,1000,,,2021,,,,2027,,,.,.
Tunisia,To be defined,,700-1000,,,2016,,,,2023,,,.,.
Tunisia,To be defined,,700-1000,,,2024,,,,2030,,,.,.
Turkey,Akkuyu NPP 1,VVER-1200,1200,,,2016,,,,2020,,,36.14444444,33.54111111
Turkey,Akkuyu NPP 2,VVER-1200,1200,,,2017,,,,2021,,,36.14444444,33.54111111
Turkey,Akkuyu NPP 3,VVER-1200,1200,,,2018,,,,2022,,,36.14444444,33.54111111
Turkey,Akkuyu NPP 4,VVER-1200,1200,,,2019,,,,2023,,,36.14444444,33.54111111
Turkey,Sinop NPP - 1,ATMEA-1,1120,,,2019,,,,2023,,,.,.
Turkey,Sinop NPP - 2,ATMEA-1,1120,,,2020,,,,2024,,,.,.
Turkey,Sinop NPP - 3,ATMEA-1,1120,,,2023,,,,2027,,,.,.
Turkey,Sinop NPP - 4,ATMEA-1,1120,,,2024,,,,2028,,,.,.
Ukraine,CHERNOBYL-5,LWGR,950,Cancelled Constr.,MINENERG,1/1/1981,1981,,,,1/1/1988,,51.389553,30.099147
Ukraine,CRIMEA-1,PWR,0,Cancelled Constr.,MINENERG,12/1/1982,1982,,,,1/1/1989,,45.39139,35.80167
Ukraine,CHERNOBYL-6,LWGR,950,Cancelled Constr.,MINENERG,1/1/1983,1983,,,,1/1/1988,,51.389553,30.099147
Ukraine,SOUTH UKRAINE-4,PWR,950,Suspended Constr.,NNEGC,1/1/1987,1987,,,,,,55.7461,60.8938
United Arab Emirates,BARAKAH-1,PWR,1345,Under Construction,ENEC,7/18/2012,2012,10/2/2016,11/2/2016,6/2/2017,,,23.984722222,52.283611111
United Arab Emirates,BARAKAH-2,PWR,1345,Under Construction,ENEC,5/28/2013,2013,10/2/2017,11/2/2017,,,,23.984722222,52.283611111
United Arab Emirates,BARAKAH-3,PWR,1345,Under Construction,ENEC,9/24/2014,2014,10/1/2018,11/1/2018,,,,23.984722222,52.283611111
United Kingdom,CALDER HALL-1,GCR,49,Permanent Shutdown,SL,8/1/1953,1953,5/1/1956,8/27/1956,10/1/1956,3/31/2003,,.,.
United Kingdom,CALDER HALL-2,GCR,49,Permanent Shutdown,SL,8/1/1953,1953,12/1/1956,2/1/1957,2/1/1957,3/31/2003,,.,.
United Kingdom,DOUNREAY DFR,FBR,11,Permanent Shutdown,UKAEA,3/1/1955,1955,11/14/1959,10/1/1962,10/1/1962,3/1/1977,,.,.
United Kingdom,CALDER HALL-3,GCR,49,Permanent Shutdown,SL,8/1/1955,1955,1/1/1958,3/1/1958,5/1/1958,3/31/2003,,.,.
United Kingdom,CALDER HALL-4,GCR,49,Permanent Shutdown,SL,8/1/1955,1955,12/1/1958,4/1/1959,4/1/1959,3/31/2003,,.,.
United Kingdom,CHAPELCROSS-1,GCR,48,Permanent Shutdown,ML,10/1/1955,1955,11/9/1958,2/1/1959,3/1/1959,6/29/2004,,.,.
United Kingdom,CHAPELCROSS-2,GCR,48,Permanent Shutdown,ML,10/1/1955,1955,5/30/1959,7/1/1959,8/1/1959,6/29/2004,,.,.
United Kingdom,CHAPELCROSS-3,GCR,48,Permanent Shutdown,ML,10/1/1955,1955,8/31/1959,11/1/1959,12/1/1959,6/29/2004,,.,.
United Kingdom,CHAPELCROSS-4,GCR,48,Permanent Shutdown,ML,10/1/1955,1955,12/22/1959,1/1/1960,3/1/1960,6/29/2004,,.,.
United Kingdom,BERKELEY-1,GCR,138,Permanent Shutdown,ML,1/1/1957,1957,8/1/1961,6/12/1962,6/12/1962,3/31/1989,,51.6925,-2.49361
United Kingdom,BERKELEY-2,GCR,138,Permanent Shutdown,ML,1/1/1957,1957,3/1/1962,6/24/1962,10/20/1962,10/26/1988,,51.6925,-2.49361
United Kingdom,BRADWELL-1,GCR,123,Permanent Shutdown,ML,1/1/1957,1957,8/1/1961,7/1/1962,7/1/1962,3/31/2002,,51.7414,0.896944
United Kingdom,BRADWELL-2,GCR,123,Permanent Shutdown,ML,1/1/1957,1957,4/1/1962,7/6/1962,11/12/1962,3/30/2002,,51.7414,0.896944
United Kingdom,HUNTERSTON A-1,GCR,150,Permanent Shutdown,ML,10/1/1957,1957,8/1/1963,2/5/1964,2/5/1964,3/30/1990,,55.7221,-4.89009
United Kingdom,HUNTERSTON A-2,GCR,150,Permanent Shutdown,ML,10/1/1957,1957,3/1/1964,6/1/1964,7/1/1964,12/31/1989,,55.7221,-4.89009
United Kingdom,HINKLEY POINT A-1,GCR,235,Permanent Shutdown,ML,11/1/1957,1957,5/1/1964,2/16/1965,3/30/1965,5/23/2000,,51.208739,-3.133743
United Kingdom,HINKLEY POINT A-2,GCR,235,Permanent Shutdown,ML,11/1/1957,1957,10/1/1964,3/19/1965,5/5/1965,5/23/2000,,51.208739,-3.133743
United Kingdom,WINDSCALE AGR,GCR,24,Permanent Shutdown,UKAEA,11/1/1958,1958,8/9/1962,2/1/1963,3/1/1963,4/3/1981,,.,.
United Kingdom,TRAWSFYNYDD-1,GCR,195,Permanent Shutdown,ML,7/1/1959,1959,9/1/1964,1/14/1965,3/24/1965,2/6/1991,,52.9249,-3.94844
United Kingdom,TRAWSFYNYDD-2,GCR,195,Permanent Shutdown,ML,7/1/1959,1959,12/1/1964,2/2/1965,3/24/1965,2/4/1991,,52.9249,-3.94844
United Kingdom,DUNGENESS A-1,GCR,225,Permanent Shutdown,ML,7/1/1960,1960,6/1/1965,9/21/1965,10/28/1965,12/31/2006,,50.9139,0.963889
United Kingdom,DUNGENESS A-2,GCR,225,Permanent Shutdown,ML,7/1/1960,1960,9/1/1965,11/1/1965,12/30/1965,12/31/2006,,50.9139,0.963889
United Kingdom,SIZEWELL A-1,GCR,210,Permanent Shutdown,ML,4/1/1961,1961,6/1/1965,1/21/1966,3/25/1966,12/31/2006,,52.215,1.61972
United Kingdom,SIZEWELL A-2,GCR,210,Permanent Shutdown,ML,4/1/1961,1961,12/1/1965,4/9/1966,9/15/1966,12/31/2006,,52.215,1.61972
United Kingdom,OLDBURY A-1,GCR,217,Permanent Shutdown,ML,5/1/1962,1962,8/1/1967,11/7/1967,12/31/1967,2/29/2012,,51.6489,-2.57083
United Kingdom,OLDBURY A-2,GCR,217,Permanent Shutdown,ML,5/1/1962,1962,12/1/1967,4/6/1968,9/30/1968,6/30/2011,,51.6489,-2.57083
United Kingdom,WINFRITH SGHWR,SGHWR,92,Permanent Shutdown,UKAEA,5/1/1963,1963,9/1/1967,12/1/1967,1/1/1968,9/11/1990,,.,.
United Kingdom,WYLFA-1,GCR,490,Operational,ML,9/1/1963,1963,11/1/1969,1/24/1971,11/1/1971,,85,53.4167,-4.48333
United Kingdom,WYLFA-2,GCR,490,Permanent Shutdown,ML,9/1/1963,1963,9/1/1970,7/21/1971,1/3/1972,4/25/2012,,53.4167,-4.48333
United Kingdom,DUNGENESS B-1,GCR,520,Operational,EDF United Kingdom,10/1/1965,1965,12/23/1982,4/3/1983,4/1/1985,,69.5,50.9139,0.963889
United Kingdom,DUNGENESS B-2,GCR,520,Operational,EDF United Kingdom,10/1/1965,1965,12/4/1985,12/29/1985,4/1/1989,,44.9,50.9139,0.963889
United Kingdom,DOUNREAY PFR,FBR,234,Permanent Shutdown,United KingdomAEA,1/1/1966,1966,3/1/1974,1/10/1975,7/1/1976,3/31/1994,,.,.
United Kingdom,HINKLEY POINT B-1,GCR,435,Operational,EDF United Kingdom,9/1/1967,1967,9/24/1976,10/30/1976,10/2/1978,,94.7,51.208739,-3.133743
United Kingdom,HINKLEY POINT B-2,GCR,435,Operational,EDF United Kingdom,9/1/1967,1967,2/1/1976,2/5/1976,9/27/1976,,90.5,51.208739,-3.133743
United Kingdom,HUNTERSTON B-1,GCR,460,Operational,EDF United Kingdom,11/1/1967,1967,1/31/1976,2/6/1976,2/6/1976,,96.3,55.7221,-4.89009
United Kingdom,HUNTERSTON B-2,GCR,430,Operational,EDF United Kingdom,11/1/1967,1967,3/27/1977,3/31/1977,3/31/1977,,83.4,55.7221,-4.89009
United Kingdom,HARTLEPOOL A-1,GCR,595,Operational,EDF United Kingdom,10/1/1968,1968,6/24/1983,8/1/1983,4/1/1989,,76.9,54.635,-1.18083
United Kingdom,HARTLEPOOL A-2,GCR,585,Operational,EDF United Kingdom,10/1/1968,1968,9/9/1984,10/31/1984,4/1/1989,,59.2,54.635,-1.18083
United Kingdom,HEYSHAM A-1,GCR,585,Operational,EDF United Kingdom,12/1/1970,1970,4/6/1983,7/9/1983,4/1/1989,,56.6,54.0289,-2.91611
United Kingdom,HEYSHAM A-2,GCR,575,Operational,EDF United Kingdom,12/1/1970,1970,6/3/1984,10/11/1984,4/1/1989,,81.3,54.0289,-2.91611
United Kingdom,HEYSHAM B-1,GCR,610,Operational,EDF United Kingdom,8/1/1980,1980,6/23/1988,7/12/1988,4/1/1989,,87.7,54.0289,-2.91611
United Kingdom,HEYSHAM B-2,GCR,610,Operational,EDF United Kingdom,8/1/1980,1980,11/1/1988,11/11/1988,4/1/1989,,75.2,54.0289,-2.91611
United Kingdom,TORNESS-1,GCR,595,Operational,EDF United Kingdom,8/1/1980,1980,3/25/1988,5/25/1988,5/25/1988,,93.8,55.968,-2.40908
United Kingdom,TORNESS-2,GCR,595,Operational,EDF United Kingdom,8/1/1980,1980,12/23/1988,2/3/1989,2/3/1989,,91.8,55.968,-2.40908
United Kingdom,SIZEWELL B,PWR,1191,Operational,EDF United Kingdom,7/18/1988,1988,1/31/1995,2/14/1995,9/22/1995,,83,52.215,1.61972
United States,SHIPPINGPORT,PWR,60,Permanent Shutdown,DOE DUQU,1/1/1954,1954,1/1/1957,12/2/1957,5/26/1958,10/1/1982,,40.6211,-80.4353
United States,GE VALLECITOS,BWR,24,Permanent Shutdown,GE,1/1/1956,1956,8/3/1957,10/19/1957,10/19/1957,12/9/1963,,37.6133,-121.84
United States,DRESDEN-1,BWR,197,Permanent Shutdown,EXELON,5/1/1956,1956,10/15/1959,4/15/1960,7/4/1960,10/31/1978,,41.3897,-88.2681
United States,INDIAN POINT-1,PWR,257,Permanent Shutdown,ENTERGY,5/1/1956,1956,8/2/1962,9/16/1962,10/1/1962,10/31/1974,,41.269722222,-73.952222222
United States,FERMI-1,FBR,61,Permanent Shutdown,DTEDISON,12/1/1956,1956,8/23/1963,8/5/1966,,11/29/1972,,41.9628,-83.2575
United States,YANKEE NPS,PWR,167,Permanent Shutdown,YAEC,11/1/1957,1957,8/19/1960,11/10/1960,7/1/1961,10/1/1991,,42.7278,-72.9291
United States,ELK RIVER,BWR,22,Permanent Shutdown,RCPA,1/1/1959,1959,11/1/1962,8/24/1963,7/1/1964,2/1/1968,,.,.
United States,HALLAM,X,75,Permanent Shutdown,AEC/NPPD,1/1/1959,1959,1/1/1963,9/1/1963,11/1/1963,9/1/1964,,40.5592,-96.7847
United States,PATHFINDER,BWR,59,Permanent Shutdown,NMC,1/1/1959,1959,1/1/1964,7/25/1966,,10/1/1967,,43.6036,-96.6375
United States,BONUS,BWR,17,Permanent Shutdown,DOE/PRWR,1/1/1960,1960,4/13/1964,8/14/1964,9/1/1965,6/1/1968,,.,.
United States,CVTR,PHWR,17,Permanent Shutdown,CVPA,1/1/1960,1960,3/1/1963,12/18/1963,,1/10/1967,,.,.
United States,PIQUA,X,12,Permanent Shutdown,CofPiqua,1/1/1960,1960,1/1/1961,7/1/1963,11/1/1963,1/1/1966,,40.1323,-84.2348
United States,SAXTON,PWR,3,Permanent Shutdown,SNEC,1/1/1960,1960,1/1/1967,3/1/1967,3/1/1967,5/1/1972,,.,.
United States,BIG ROCK POINT,BWR,67,Permanent Shutdown,CPC,5/1/1960,1960,9/27/1962,12/8/1962,3/29/1963,8/29/1997,,45.3589,-85.1972
United States,HUMBOLDT BAY,BWR,63,Permanent Shutdown,PG&E,11/1/1960,1960,2/16/1963,4/18/1963,8/1/1963,7/2/1976,,40.7413,-124.209
United States,PEACH BOTTOM-1,HTGR,40,Permanent Shutdown,EXELON,2/1/1962,1962,3/3/1966,1/27/1967,6/1/1967,11/1/1974,,39.7583,-76.2681
United States,LACROSSE,BWR,48,Permanent Shutdown,DPC,3/1/1963,1963,7/11/1967,4/26/1968,11/7/1969,4/30/1987,,.,.
United States,HADDAM NECK,PWR,560,Permanent Shutdown,CYAPC,5/1/1964,1964,7/24/1967,8/7/1967,1/1/1968,12/5/1996,,41.4819,-72.4992
United States,SAN ONOFRE-1,PWR,436,Permanent Shutdown,SCE,5/1/1964,1964,6/14/1967,7/16/1967,1/1/1968,11/30/1992,,33.3689,-117.555
United States,OYSTER CREEK,BWR,619,Operational,EXELON,12/15/1964,1964,5/3/1969,9/23/1969,12/1/1969,,95,39.46777778,-75.53805556
United States,NINE MILE POINT-1,BWR,621,Operational,EXELON,4/12/1965,1965,9/5/1969,11/9/1969,12/1/1969,,90.6,43.5208,-76.4069
United States,DRESDEN-2,BWR,883,Operational,EXELON,1/10/1966,1966,1/7/1970,4/13/1970,6/9/1970,,94.4,41.3897,-88.2681
United States,GINNA,PWR,580,Operational,EXELON,4/25/1966,1966,11/8/1969,12/2/1969,7/1/1970,,98.9,43.2778,-77.31
United States,MILLSTONE-1,BWR,641,Permanent Shutdown,DOMINION,5/1/1966,1966,10/26/1970,11/29/1970,3/1/1971,7/1/1998,,41.31194444,-72.16861111
United States,DRESDEN-3,BWR,867,Operational,EXELON,10/14/1966,1966,1/12/1971,7/22/1971,11/16/1971,,98.1,41.3897,-88.2681
United States,INDIAN POINT-2,PWR,1020,Operational,ENTERGY,10/14/1966,1966,5/22/1973,6/26/1973,8/1/1974,,99,41.269722222,-73.952222222
United States,QUAD CITIES-1,BWR,908,Operational,EXELON,2/15/1967,1967,10/18/1971,4/12/1972,2/18/1973,,92.2,41.7264,-90.31
United States,QUAD CITIES-2,BWR,911,Operational,EXELON,2/15/1967,1967,4/26/1972,5/23/1972,3/10/1973,,99.6,41.7264,-90.31
United States,PALISADES,PWR,793,Operational,ENTERGY,3/14/1967,1967,5/24/1971,12/31/1971,12/31/1971,,86.4,42.3228,-86.3144
United States,ROBINSON-2,PWR,741,Operational,PROGRESS,4/13/1967,1967,9/20/1970,9/26/1970,3/7/1971,,85,34.4028,-80.1583
United States,TURKEY POINT-3,PWR,802,Operational,FPL,4/27/1967,1967,10/20/1972,11/2/1972,12/14/1972,,90.7,25.4342,-80.3306
United States,TURKEY POINT-4,PWR,802,Operational,FPL,4/27/1967,1967,6/11/1973,6/21/1973,9/7/1973,,73.4,25.4342,-80.3306
United States,BROWNS FERRY-1,BWR,1101,Operational,TVA,5/1/1967,1967,8/17/1973,10/15/1973,8/1/1974,,97.2,34.7039,-87.1186
United States,BROWNS FERRY-2,BWR,1104,Operational,TVA,5/1/1967,1967,7/20/1974,8/28/1974,3/1/1975,,85.9,34.7039,-87.1186
United States,MONTICELLO,BWR,578,Operational,NSP,6/19/1967,1967,12/10/1970,3/5/1971,6/30/1971,,61.9,45.3336,-93.8492
United States,POINT BEACH-1,PWR,591,Operational,NEXTERA,7/19/1967,1967,11/2/1970,11/6/1970,12/21/1970,,91.1,44.2811,-87.5367
United States,OCONEE-1,PWR,846,Operational,DUKEENER,11/6/1967,1967,4/19/1973,5/6/1973,7/15/1973,,94.3,34.7939,-82.8981
United States,OCONEE-2,PWR,846,Operational,DUKEENER,11/6/1967,1967,11/11/1973,12/5/1973,9/9/1974,,85.1,34.7939,-82.8981
United States,OCONEE-3,PWR,846,Operational,DUKEENER,11/6/1967,1967,9/5/1974,9/18/1974,12/16/1974,,99.3,34.7939,-82.8981
United States,VERMONT YANKEE,BWR,605,Operational,ENTERGY,12/11/1967,1967,3/24/1972,9/20/1972,11/30/1972,,92.7,43.95055556,-69.69611111
United States,PEACH BOTTOM-2,BWR,1125,Operational,EXELON,1/31/1968,1968,9/16/1973,2/18/1974,7/5/1974,,100,39.7583,-76.2681
United States,PEACH BOTTOM-3,BWR,1138,Operational,EXELON,1/31/1968,1968,8/7/1974,9/1/1974,12/23/1974,,87.4,39.7583,-76.2681
United States,DIABLO CANYON-1,PWR,1122,Operational,PG&E,4/23/1968,1968,4/29/1984,11/11/1984,5/7/1985,,98.2,35.2108,-120.856
United States,THREE MILE ISLAND-1,PWR,819,Operational,EXELON,5/18/1968,1968,6/5/1974,6/19/1974,9/2/1974,,92.1,40.152047,-76.724911
United States,CALVERT CLIFFS-1,PWR,866,Operational,EXELON,6/1/1968,1968,10/7/1974,1/3/1975,5/8/1975,,100,38.4319,-76.4422
United States,CALVERT CLIFFS-2,PWR,850,Operational,EXELON,6/1/1968,1968,11/30/1976,12/7/1976,4/1/1977,,87.4,38.4319,-76.4422
United States,COOPER,BWR,768,Operational,ENTERGY,6/1/1968,1968,2/21/1974,5/10/1974,7/1/1974,,100,40.3619,-95.6414
United States,FORT CALHOUN-1,PWR,482,Operational,OPPD,6/7/1968,1968,8/6/1973,8/25/1973,9/26/1973,,2.8,41.5203,-96.0772
United States,PRAIRIE ISLAND-1,PWR,522,Operational,NSP,6/25/1968,1968,12/1/1973,12/4/1973,12/16/1973,,99.7,44.6217,-92.6331
United States,SURRY-1,PWR,838,Operational,DOMINION,6/25/1968,1968,7/1/1972,7/4/1972,12/22/1972,,91.1,37.1656,-76.6978
United States,SURRY-2,PWR,838,Operational,DOMINION,6/25/1968,1968,3/7/1973,3/10/1973,5/1/1973,,100,37.1656,-76.6978
United States,BROWNS FERRY-3,BWR,1105,Operational,TVA,7/1/1968,1968,8/8/1976,9/12/1976,3/1/1977,,96.4,34.7039,-87.1186
United States,POINT BEACH-2,PWR,591,Operational,NEXTERA,7/25/1968,1968,5/30/1972,8/2/1972,10/1/1972,,100,44.2811,-87.5367
United States,KEWAUNEE,PWR,566,Permanent Shutdown,DOMINION,8/6/1968,1968,3/7/1974,4/8/1974,6/16/1974,5/7/2013,100,44.3422,-87.5361
United States,PILGRIM-1,BWR,677,Operational,ENTERGY,8/26/1968,1968,6/16/1972,7/19/1972,12/1/1972,,81.2,41.945,-70.5783
United States,FITZPATRICK,BWR,813,Operational,ENTERGY,9/1/1968,1968,11/17/1974,2/1/1975,7/28/1975,,97.7,43.5233,-76.3983
United States,FORT ST. VRAIN,HTGR,330,Permanent Shutdown,PSCC,9/1/1968,1968,1/31/1974,12/11/1976,7/1/1979,8/29/1989,,.,.
United States,SALEM-1,PWR,1168,Operational,PSEG,9/25/1968,1968,12/11/1976,12/25/1976,6/30/1977,,87.8,39.46297722,-75.53422451
United States,SALEM-2,PWR,1158,Operational,PSEG,9/25/1968,1968,8/8/1980,6/3/1981,10/13/1981,,100,39.46297722,-75.53422451
United States,CRYSTAL RIVER-3,PWR,860,Permanent Shutdown,PROGRESS,9/25/1968,1968,1/14/1977,1/30/1977,3/13/1977,2/5/2013,0,28.9575,-82.6983
United States,HATCH-1,BWR,876,Operational,SOUTHERN,9/30/1968,1968,9/12/1974,11/11/1974,12/31/1975,,94.2,31.9342,-82.3439
United States,ANO-1,PWR,836,Operational,ENTERGY,10/1/1968,1968,8/6/1974,8/17/1974,12/19/1974,,61.8,35.3103,-93.2314
United States,MAINE YANKEE,PWR,860,Permanent Shutdown,MYAPC,10/1/1968,1968,10/23/1972,11/8/1972,12/28/1972,8/1/1997,,43.95055556,-69.69611111
United States,INDIAN POINT-3,PWR,1040,Operational,ENTERGY,11/1/1968,1968,4/6/1976,4/27/1976,8/30/1976,,91.6,41.269722222,-73.952222222
United States,ZION-1,PWR,1040,Permanent Shutdown,EXELON,12/1/1968,1968,6/19/1973,6/28/1973,12/31/1973,2/13/1998,,42.4464,-87.803
United States,ZION-2,PWR,1040,Permanent Shutdown,EXELON,12/1/1968,1968,12/24/1973,12/26/1973,9/17/1974,2/13/1998,,42.4464,-87.803
United States,ANO-2,PWR,993,Operational,ENTERGY,12/6/1968,1968,12/5/1978,12/26/1978,3/26/1980,,86,35.3103,-93.2314
United States,COOK-1,PWR,1030,Operational,AEP,3/25/1969,1969,1/18/1975,2/10/1975,8/28/1975,,85.3,41.9754,-86.5659
United States,COOK-2,PWR,1077,Operational,AEP,3/25/1969,1969,3/10/1978,3/22/1978,7/1/1978,,88,41.9754,-86.5659
United States,RANCHO SECO-1,PWR,873,Permanent Shutdown,SMUD,4/1/1969,1969,9/16/1974,10/13/1974,4/17/1975,6/7/1989,,38.3453,-121.122
United States,PRAIRIE ISLAND-2,PWR,518,Operational,NSP,6/25/1969,1969,12/17/1974,12/21/1974,12/21/1974,,72.1,44.6217,-92.6331
United States,MILLSTONE-2,PWR,869,Operational,DOMINION,11/1/1969,1969,10/17/1975,11/9/1975,12/26/1975,,99.4,41.31194444,-72.16861111
United States,THREE MILE ISLAND-2,PWR,880,Permanent Shutdown,GPU,11/1/1969,1969,3/27/1978,4/21/1978,12/30/1978,3/28/1979,,40.152047,-76.724911
United States,TROJAN,PWR,1095,Permanent Shutdown,PORTGE,2/1/1970,1970,12/15/1975,12/23/1975,5/20/1976,11/9/1992,,46.0383,-122.885
United States,BRUNSWICK-1,BWR,938,Operational,PROGRESS,2/7/1970,1970,10/8/1976,12/4/1976,3/18/1977,,96.8,33.9583,-78.0103
United States,BRUNSWICK-2,BWR,920,Operational,PROGRESS,2/7/1970,1970,3/20/1975,4/29/1975,11/3/1975,,80.6,33.9583,-78.0103
United States,SEQUOYAH-1,PWR,1152,Operational,TVA,5/27/1970,1970,7/5/1980,7/22/1980,7/1/1981,,89.4,35.2264,-85.0917
United States,SEQUOYAH-2,PWR,1125,Operational,TVA,5/27/1970,1970,11/5/1981,12/23/1981,6/1/1982,,97.2,35.2264,-85.0917
United States,DUANE ARNOLD-1,BWR,601,Operational,NEXTERA,6/22/1970,1970,3/23/1974,5/19/1974,2/1/1975,,100,42.1006,-91.7772
United States,BEAVER VALLEY-1,PWR,921,Operational,FENOC,6/26/1970,1970,5/10/1976,6/14/1976,10/1/1976,,89.4,40.6233,-80.4306
United States,ST. LUCIE-1,PWR,982,Operational,FPL,7/1/1970,1970,4/22/1976,5/7/1976,12/21/1976,,81.1,27.3486,-80.2464
United States,DAVIS BESSE-1,PWR,894,Operational,FENOC,9/1/1970,1970,8/12/1977,8/28/1977,7/31/1978,,96.5,41.59692,-83.088999
United States,FARLEY-1,PWR,874,Operational,SOUTHERN,10/1/1970,1970,8/9/1977,8/18/1977,12/1/1977,,91.7,31.2231,-85.1117
United States,FARLEY-2,PWR,883,Operational,SOUTHERN,10/1/1970,1970,5/5/1981,5/25/1981,7/30/1981,,92.9,31.2231,-85.1117
United States,DIABLO CANYON-2,PWR,1118,Operational,PG&E,12/9/1970,1970,8/19/1985,10/20/1985,3/13/1986,,85.6,35.2108,-120.856
United States,NORTH ANNA-1,PWR,943,Operational,DOMINION,2/19/1971,1971,4/5/1978,4/17/1978,6/6/1978,,90.4,38.0606,-77.7894
United States,NORTH ANNA-2,PWR,943,Operational,DOMINION,2/19/1971,1971,6/12/1980,8/25/1980,12/14/1980,,87.2,38.0606,-77.7894
United States,MCGUIRE-1,PWR,1158,Operational,DUKEENER,4/1/1971,1971,8/8/1981,9/12/1981,12/1/1981,,88.7,35.4325,-80.9483
United States,MCGUIRE-2,PWR,1158,Operational,DUKEENER,4/1/1971,1971,5/8/1983,5/23/1983,3/1/1984,,100,35.4325,-80.9483
United States,NORTH ANNA-3C,PWR,907,Cancelled Constr.,VEPCO,6/1/1971,1971,,,,11/1/1982,,38.0606,-77.7894
United States,NORTH ANNA-4C,PWR,907,Cancelled Constr.,VEPCO,12/1/1971,1971,,,,11/1/1980,,38.0606,-77.7894
United States,HATCH-2,BWR,883,Operational,SOUTHERN,2/1/1972,1972,7/4/1978,9/22/1978,9/5/1979,,88.2,31.9342,-82.3439
United States,COLUMBIA,BWR,1107,Operational,ENERGYNW,8/1/1972,1972,1/19/1984,5/27/1984,12/13/1984,,87.7,46.4711,-119.334
United States,FERMI-2,BWR,1037,Operational,DTEDISON,9/26/1972,1972,6/21/1985,9/21/1986,1/23/1988,,92,41.9628,-83.2575
United States,ZIMMER-1,BWR,810,Cancelled Constr.,CG&E,10/1/1972,1972,,,,1/1/1984,,.,.
United States,SHOREHAM,BWR,820,Permanent Shutdown,LIPA,11/1/1972,1972,2/1/1985,8/1/1986,,5/1/1989,,54.0289,-2.91611
United States,WATTS BAR-2,PWR,1165,Under Construction,TVA,12/1/1972,1972,,8/1/2015,,,,35.6028,-84.7894
United States,WATTS BAR-1,PWR,1123,Operational,TVA,1/23/1973,1973,1/1/1996,2/6/1996,5/27/1996,,100,35.6028,-84.7894
United States,MIDLAND-1,PWR,491,Cancelled Constr.,CPC,3/1/1973,1973,,,,7/1/1986,,.,.
United States,MIDLAND-2,PWR,816,Cancelled Constr.,CPC,3/1/1973,1973,,,,7/1/1986,,.,.
United States,SUMMER-1,PWR,971,Operational,SCE&G,3/21/1973,1973,10/22/1982,11/16/1982,1/1/1984,,97,34.2986,-81.3147
United States,FORKED RIVER,PWR,1070,Cancelled Constr.,JCPL,8/1/1973,1973,,,,11/1/1980,,.,.
United States,LASALLE-1,BWR,1137,Operational,EXELON,9/10/1973,1973,6/21/1982,9/4/1982,1/1/1984,,100,41.2456,-88.6692
United States,LASALLE-2,BWR,1140,Operational,EXELON,9/10/1973,1973,3/10/1984,4/20/1984,10/19/1984,,92.9,41.2456,-88.6692
United States,SUSQUEHANNA-1,BWR,1257,Operational,PPL_SUSQ,11/2/1973,1973,9/10/1982,11/16/1982,6/8/1983,,89.7,41.0889,-76.1489
United States,SUSQUEHANNA-2,BWR,1257,Operational,PPL_SUSQ,11/2/1973,1973,5/8/1984,7/3/1984,2/12/1985,,82.8,41.0889,-76.1489
United States,BAILLY,BWR,660,Cancelled Constr.,NIPS,1/1/1974,1974,,,,8/1/1981,,.,.
United States,SURRY-3,PWR,859,Cancelled Constr.,VEPCO,1/1/1974,1974,,,,3/1/1977,,37.1656,-76.6978
United States,SURRY-4,PWR,859,Cancelled Constr.,VEPCO,1/1/1974,1974,,,,3/1/1977,,37.1656,-76.6978
United States,SAN ONOFRE-2,PWR,1070,Permanent Shutdown,SCE,3/1/1974,1974,7/26/1982,9/20/1982,8/8/1983,6/7/2013,0,33.3689,-117.555
United States,SAN ONOFRE-3,PWR,1080,Permanent Shutdown,SCE,3/1/1974,1974,8/29/1983,9/25/1983,4/1/1984,6/7/2013,0,33.3689,-117.555
United States,CATAWBA-1,PWR,1146,Operational,DUKEENER,5/1/1974,1974,1/7/1985,1/22/1985,6/29/1985,,100,35.0517,-81.07
United States,CATAWBA-2,PWR,1146,Operational,DUKEENER,5/1/1974,1974,5/8/1986,5/18/1986,8/19/1986,,90.7,35.0517,-81.07
United States,GRAND GULF-2,BWR,1250,Cancelled Constr.,MP&L,5/1/1974,1974,,,,12/1/1990,,32.0067,-91.0483
United States,BEAVER VALLEY-2,PWR,885,Operational,FENOC,5/3/1974,1974,8/4/1987,8/17/1987,11/17/1987,,96.6,40.6233,-80.4306
United States,GRAND GULF-1,BWR,1419,Operational,ENTERGY,5/4/1974,1974,8/18/1982,10/20/1984,7/1/1985,,91.2,32.0067,-91.0483
United States,LIMERICK-1,BWR,1130,Operational,EXELON,6/19/1974,1974,12/22/1984,4/13/1985,2/1/1986,,100,40.2267,-75.5872
United States,LIMERICK-2,BWR,1134,Operational,EXELON,6/19/1974,1974,8/12/1989,9/1/1989,1/8/1990,,93,40.2267,-75.5872
United States,MILLSTONE-3,PWR,1218,Operational,DOMINION,8/9/1974,1974,1/23/1986,2/12/1986,4/23/1986,,89,41.31194444,-72.16861111
United States,BELLEFONTE-1,PWR,1235,Suspended Constr.,TVA,9/1/1974,1974,,,,,,34.7086,-85.9292
United States,BELLEFONTE-2,PWR,1235,Suspended Constr.,TVA,9/1/1974,1974,,,,,,34.7086,-85.9292
United States,PERRY-1,BWR,1256,Operational,FENOC,10/1/1974,1974,6/6/1986,12/19/1986,11/18/1987,,79.9,41.8008,-81.1433
United States,PERRY-2,BWR,1205,Cancelled Constr.,CEI,10/1/1974,1974,,,,4/1/1984,,41.8008,-81.1433
United States,WATERFORD-3,PWR,1168,Operational,ENTERGY,11/14/1974,1974,3/4/1985,3/18/1985,9/24/1985,,93.3,29.9953,-90.4711
United States,COMANCHE PEAK-1,PWR,1209,Operational,LUMINANT,12/19/1974,1974,4/3/1990,4/24/1990,8/13/1990,,93.7,32.2983,-97.785
United States,COMANCHE PEAK-2,PWR,1197,Operational,LUMINANT,12/19/1974,1974,3/24/1993,4/9/1993,8/3/1993,,99.6,32.2983,-97.785
United States,BYRON-1,PWR,1164,Operational,EXELON,4/1/1975,1975,2/2/1985,3/1/1985,9/16/1985,,100,42.0742,-89.2819
United States,BYRON-2,PWR,1136,Operational,EXELON,4/1/1975,1975,1/9/1987,2/6/1987,8/2/1987,,93.1,42.0742,-89.2819
United States,BRAIDWOOD-1,PWR,1178,Operational,EXELON,8/1/1975,1975,5/29/1987,7/12/1987,7/29/1988,,94,41.2436,-88.2292
United States,BRAIDWOOD-2,PWR,1152,Operational,EXELON,8/1/1975,1975,3/8/1988,5/25/1988,10/17/1988,,97.9,41.2436,-88.2292
United States,NINE MILE POINT-2,BWR,1276,Operational,EXELON,8/1/1975,1975,5/23/1987,8/8/1987,3/11/1988,,98.4,43.5208,-76.4069
United States,RIVER BEND-2,BWR,934,Cancelled Constr.,GSU,8/1/1975,1975,,,,1/1/1984,,30.7567,-91.3333
United States,WNP-1,PWR,1259,Cancelled Constr.,WPPSS,8/1/1975,1975,,,,1/1/1983,,.,.
United States,WNP-4,PWR,1250,Cancelled Constr.,WPPSS,8/1/1975,1975,,,,1/1/1982,,.,.
United States,CALLAWAY-1,PWR,1215,Operational,AmerenUE,9/1/1975,1975,10/2/1984,10/24/1984,12/19/1984,,80,38.7617,-91.78
United States,CLINTON-1,BWR,1065,Operational,EXELON,10/1/1975,1975,2/27/1987,4/24/1987,11/24/1987,,89.7,47.23055556,0.17055556
United States,CALLAWAY-2C,PWR,1120,Cancelled Constr.,UNION,10/1/1975,1975,,,,10/1/1981,,38.7617,-91.78
United States,CLINTON-2,BWR,933,Cancelled Constr.,IPC,10/1/1975,1975,,,,10/1/1983,,47.23055556,0.17055556
United States,SOUTH TEXAS-1,PWR,1280,Operational,STP,12/22/1975,1975,3/8/1988,3/30/1988,8/25/1988,,94.1,28.7956,-96.0489
United States,SOUTH TEXAS-2,PWR,1280,Operational,STP,12/22/1975,1975,3/12/1989,4/11/1989,6/19/1989,,60.9,28.7956,-96.0489
United States,HOPE CREEK-1,BWR,1172,Operational,PSEG,3/1/1976,1976,6/28/1986,8/1/1986,12/20/1986,,88.5,39.46777778,-75.53805556
United States,HOPE CREEK-2,BWR,1067,Cancelled Constr.,PSEG,3/1/1976,1976,,,,12/1/1981,,39.46777778,-75.53805556
United States,HARTSVILLE A-1,BWR,1233,Cancelled Constr.,TVA,4/1/1976,1976,,,,8/1/1984,,.,.
United States,HARTSVILLE A-2,BWR,1233,Cancelled Constr.,TVA,4/1/1976,1976,,,,8/1/1984,,.,.
United States,HARTSVILLE B-1,BWR,1233,Cancelled Constr.,TVA,4/1/1976,1976,,,,8/1/1982,,.,.
United States,HARTSVILLE B-2,BWR,1233,Cancelled Constr.,TVA,4/1/1976,1976,,,,8/1/1982,,.,.
United States,PALO VERDE-1,PWR,1311,Operational,APS,5/25/1976,1976,5/25/1985,6/10/1985,1/28/1986,,91.8,33.3892,-112.865
United States,PALO VERDE-2,PWR,1314,Operational,APS,6/1/1976,1976,4/18/1986,5/20/1986,9/19/1986,,96.9,33.3892,-112.865
United States,PALO VERDE-3,PWR,1312,Operational,APS,6/1/1976,1976,10/25/1987,11/28/1987,1/8/1988,,85.7,33.3892,-112.865
United States,CHEROKEE-1,PWR,1280,Cancelled Constr.,DUKE,7/1/1976,1976,,,,4/1/1983,,.,.
United States,CHEROKEE-2,PWR,1280,Cancelled Constr.,DUKE,7/1/1976,1976,,,,11/1/1982,,.,.
United States,CHEROKEE-3,PWR,1280,Cancelled Constr.,DUKE,7/1/1976,1976,,,,11/1/1982,,.,.
United States,SEABROOK-2,PWR,1149,Cancelled Constr.,FPL,7/1/1976,1976,,,,1/1/1988,,42.8989,-70.8508
United States,SEABROOK-1,PWR,1246,Operational,NEXTERA,7/7/1976,1976,6/13/1989,5/29/1990,8/19/1990,,100,42.8989,-70.8508
United States,VOGTLE-1,PWR,1150,Operational,SOUTHERN,8/1/1976,1976,3/9/1987,3/27/1987,6/1/1987,,100,33.1433,-81.7606
United States,VOGTLE-2,PWR,1152,Operational,SOUTHERN,8/1/1976,1976,3/28/1989,4/10/1989,5/20/1989,,88.5,33.1433,-81.7606
United States,RIVER BEND-1,BWR,967,Operational,ENTERGY,3/25/1977,1977,10/31/1985,12/3/1985,6/16/1986,,90.2,30.7567,-91.3333
United States,WNP-3,PWR,1240,Cancelled Constr.,WPPSS,4/1/1977,1977,,,,1/1/1983,,.,.
United States,WNP-5,PWR,1240,Cancelled Constr.,WPPSS,4/1/1977,1977,,,,1/1/1982,,.,.
United States,WOLF CREEK,PWR,1195,Operational,WCNOC,5/31/1977,1977,5/22/1985,6/12/1985,9/3/1985,,70.9,38.2389,-95.6889
United States,ST. LUCIE-2,PWR,987,Operational,FPL,6/2/1977,1977,6/2/1983,6/13/1983,8/8/1983,,99.1,27.3486,-80.2464
United States,MARBLE HILL-1,PWR,1030,Cancelled Constr.,PSI,7/1/1977,1977,,,,1/1/1984,,.,.
United States,MARBLE HILL-2,PWR,1130,Cancelled Constr.,PSI,7/1/1977,1977,,,,1/1/1984,,.,.
United States,PHIPPS BEND-1,BWR,1233,Cancelled Constr.,TVA,10/1/1977,1977,,,,8/1/1982,,36.46694444,-82.8075
United States,PHIPPS BEND-2,BWR,1233,Cancelled Constr.,TVA,10/1/1977,1977,,,,8/1/1982,,36.46694444,-82.8075
United States,HARRIS-2C,PWR,900,Cancelled Constr.,CPL,1/1/1978,1978,,,,12/1/1983,,35.6333,-78.955
United States,HARRIS-3C,PWR,900,Cancelled Constr.,CPL,1/1/1978,1978,,,,12/1/1981,,35.6333,-78.955
United States,HARRIS-4C,PWR,900,Cancelled Constr.,CPL,1/1/1978,1978,,,,12/1/1981,,35.6333,-78.955
United States,HARRIS-1,PWR,928,Operational,PROGRESS,1/28/1978,1978,1/3/1987,1/19/1987,5/2/1987,,84.4,35.6333,-78.955
United States,YELLOW CREEK-1,PWR,1285,Cancelled Constr.,TVA,2/1/1978,1978,,,,8/1/1984,,.,.
United States,YELLOW CREEK-2,PWR,1285,Cancelled Constr.,TVA,2/1/1978,1978,,,,8/1/1984,,.,.
United States,BLACK FOX-1,BWR,1150,Cancelled Constr.,PSCO,7/1/1978,1978,,,,2/1/1982,,.,.
United States,BLACK FOX-2,BWR,1150,Cancelled Constr.,PSCO,7/1/1978,1978,,,,2/1/1982,,.,.
United States,SUMMER-2,PWR,1117,Under Construction,SCE&G,3/9/2013,2013,,,,,,34.2986,-81.3147
United States,VOGTLE-3,PWR,1117,Under Construction,SOUTHERN,3/12/2013,2013,,,,,,33.1433,-81.7606
United States,SUMMER-3,PWR,1117,Under Construction,SCE&G,11/2/2013,2013,,,,,,34.2986,-81.3147
United States,VOGTLE-4,PWR,1117,Under Construction,SOUTHERN,11/19/2013,2013,,,,,,33.1433,-81.7606
United States,Bell Bend,US-EPR,1600,Under Review,,,,,,,,,43.63,25.19
United States,"Bellefonte, Units 1 & 2 (2)",AP 1000,2520,Deferred,,,,,,,,,.,.
United States,"Bellefonte, Units 3 & 4",AP 1000,2234,Review Suspended,,,,,,,,,.,.
United States,"Callaway, Unit 2",US-EPR,1600,Review Suspended,,,,,,,,,38.7617,-91.78
United States,"Calvert Cliffs, Unit 3",US-EPR,1600,Under Review,,,,,,,,,38.4319,-76.4422
United States,"Comanche Peak, Units 3 & 4",US-APWR,3400,Under Review,,,,,,,,,32.2983,-97.785
United States,"Fermi, Unit 3",ESBWR,1520,Under Review,,,,,,,,,.,.
United States,"Grand Gulf, Unit 3",ESBWR,1520,Review Suspended,,,,,,,,,32.0067,-91.0483
United States,"Levy County, Units 1 & 2",AP 1000,2234,Under Review,,,,,,,,,.,.
United States,"Nine Mile Point, Unit 3",US-EPR,1600,Review Suspended,,,,,,,,,43.5208,-76.4069
United States,"North Anna, Unit 3",US-APWR,1500,Under Review,,,,,,,,,38.0606,-77.7894
United States,"River Bend Station, Unit 3",ESBWR,1520,Review Suspended,,,,,,,,,.,.
United States,"Shearon Harris, Units 2 & 3",AP 1000,2234,Review Suspended,,,,,,,,,35.6333,-78.955
United States,"South Texas Project, Units 3 & 4",ABWR,2700,Under Review,,,,,,,,,.,.
United States,"Turkey Point, Units 6 & 7",AP 1000,2234,Under Review,,,,,,,,,25.4342,-80.3306
United States,"Virgil C. Summer, Units 2 & 3",AP 1000,2200,Under Construction,,,,,,"2017, 2018",,,34.2986,-81.3147
United States,"Vogtle, Units 3 & 4",AP 1000,2200,Under Construction,,,,,,"2016, 2017",,,.,.
United States,"Watts Bar, Unit 2 (2)",PWR,1218,Under Construction,,,,,,2015,,,.,.
United States,"William States Lee III, Units 1 & 2",AP 1000,2234,Under Review,,,,,,,,,35.0333,-81.5111
Vietnam,"Unit 1, Phuoc Dinh / Ninh Thuan 1",,1000,,,2014,,,,2020,,,.,.
Vietnam,"Unit 2, Phuoc Dinh / Ninh Thuan 1",,1000,,,2015,,,,2021,,,.,.
Vietnam,"Unit 1, Vinh Hai / Ninh Thuan 2",,1000,,,2015,,,,2021,,,.,.
Vietnam,"Unit 2, Vinh Hai / Ninh Thuan 2",,1000,,,2016,,,,2022,,,.,.
