Country,Reactor Unit,Type,Net Capacity (MWe),Status,Operator,Contstruction Date,Construction Year,First Criticality Date,First Grid Date,Commercial Date,Shutdown Date,UCF for 2013
Argentina,ATUCHA-1,PHWR,335,Operational,NASA,6/1/68,1968,1/13/74,3/19/74,6/24/74,,83.1
Argentina,EMBALSE,PHWR,600,Operational,NASA,4/1/74,1974,3/13/83,4/25/83,1/20/84,,69.6
Argentina,ATUCHA-2,PHWR,692,Operational,NASA,7/14/81,1981,6/3/14,6/27/14,,,0
Argentina,CAREM25,PWR,25,Under Construction,CNEA,2/8/14,2014,,,,,
Bangladesh,Rooppur Nuclear Power Plant (Unit-I),VVER,1000-1250,Planned,,2016,,,,2021,,
Belarus,BELARUSIAN-1,PWR,1109,Under Construction,BelNPP,11/6/13,2013,,,,,
Belarus,BELARUSIAN-2,PWR,1109,Under Construction,BelNPP,4/26/14,2014,,,,,
Bangladesh,Rooppur Nuclear Power Plant (Unit-II),VVER,1000-1250,One year after 1st unit,,,,,,,,
Belarus,,WWPR,1200,Under Construction,,2011,,,,2016,,
Belarus,,WWPR,1200,Under Construction,,2013,,,,2018,,
Belgium,BR-3,PWR,10,Permanent Shutdown,CEN/SCK,11/1/57,1957,8/29/62,10/10/62,10/10/62,6/30/87,
Belgium,DOEL-1,PWR,433,Operational,ELECTRAB,7/1/69,1969,7/18/74,8/28/74,2/15/75,,97.9
Belgium,TIHANGE-1,PWR,962,Operational,ELECTRAB,6/1/70,1970,2/21/75,3/7/75,10/1/75,,80.9
Belgium,DOEL-2,PWR,433,Operational,ELECTRAB,9/1/71,1971,8/4/75,8/21/75,12/1/75,,93.8
Belgium,DOEL-3,PWR,1006,Operational,ELECTRAB,1/1/75,1975,6/14/82,6/23/82,10/1/82,,56.9
Belgium,TIHANGE-2,PWR,1008,Operational,ELECTRAB,4/1/76,1976,10/5/82,10/13/82,6/1/83,,55.8
Belgium,TIHANGE-3,PWR,1046,Operational,ELECTRAB,11/1/78,1978,6/5/85,6/15/85,9/1/85,,88.9
Belgium,DOEL-4,PWR,1039,Operational,ELECTRAB,12/1/78,1978,3/31/85,4/8/85,7/1/85,,93.5
Brazil,ANGRA-1,PWR,609,Operational,ELETRONU,5/1/71,1971,3/13/82,4/1/82,1/1/85,,70.9
Brazil,ANGRA-2,PWR,1275,Operational,ELETRONU,1/1/76,1976,7/14/00,7/21/00,2/1/01,,90.1
Brazil,ANGRA-3,PWR,1245,Under Construction,ELETRONU,6/1/10,2010,,,1/1/16,,
Bulgaria,KOZLODUY-1,PWR,408,Permanent Shutdown,KOZNPP,4/1/70,1970,6/30/74,7/24/74,10/28/74,12/31/02,
Bulgaria,KOZLODUY-2,PWR,408,Permanent Shutdown,KOZNPP,4/1/70,1970,8/22/75,8/24/75,11/10/75,12/31/02,
Bulgaria,KOZLODUY-3,PWR,408,Permanent Shutdown,KOZNPP,10/1/73,1973,12/4/80,12/17/80,1/20/81,12/31/06,
Bulgaria,KOZLODUY-4,PWR,408,Permanent Shutdown,KOZNPP,10/1/73,1973,4/25/82,5/17/82,6/20/82,12/31/06,
Bulgaria,KOZLODUY-5,PWR,953,Operational,KOZNPP,7/9/80,1980,11/5/87,11/29/87,12/23/88,,86
Bulgaria,KOZLODUY-6,PWR,953,Operational,KOZNPP,4/1/82,1982,5/29/91,8/2/91,12/30/93,,89.1
Bulgaria,BELENE-1,PWR,953,Cancelled Constr.,KOZNPP,1/1/87,1987,,,,3/28/12,
Bulgaria,BELENE-2,PWR,953,Cancelled Constr.,KOZNPP,3/31/87,1987,,,,3/28/12,
Canada,ROLPHTON NPD,PHWR,22,Permanent Shutdown,OH,1/1/58,1958,4/11/62,6/4/62,10/1/62,8/1/87,
Canada,DOUGLAS POINT,PHWR,206,Permanent Shutdown,OH,2/1/60,1960,11/15/66,1/7/67,9/26/68,5/4/84,
Canada,PICKERING-1,PHWR,515,Operational,OPG,6/1/66,1966,2/25/71,4/4/71,7/29/71,,46.2
Canada,GENTILLY-1,HWLWR,250,Permanent Shutdown,HQ,9/1/66,1966,11/12/70,4/5/71,5/1/72,6/1/77,
Canada,PICKERING-2,PHWR,515,Permanent Shutdown,OPG,9/1/66,1966,9/15/71,10/6/71,12/30/71,5/28/07,
Canada,PICKERING-3,PHWR,515,Permanent Shutdown,OPG,12/1/67,1967,4/24/72,5/3/72,6/1/72,10/31/08,
Canada,PICKERING-4,PHWR,515,Operational,OPG,5/1/68,1968,5/16/73,5/21/73,6/17/73,,86.6
Canada,BRUCE-2,PHWR,734,Operational,BRUCEPOW,12/1/70,1970,7/27/76,9/4/76,9/1/77,,88.2
Canada,BRUCE-1,PHWR,772,Operational,BRUCEPOW,6/1/71,1971,12/17/76,1/14/77,9/1/77,,86.1
Canada,BRUCE-3,PHWR,730,Operational,BRUCEPOW,7/1/72,1972,11/28/77,12/12/77,2/1/78,,94.2
Canada,BRUCE-4,PHWR,730,Operational,BRUCEPOW,9/1/72,1972,12/10/78,12/21/78,1/18/79,,63.5
Canada,GENTILLY-2,PHWR,635,Permanent Shutdown,HQ,4/1/74,1974,9/11/82,12/4/82,10/1/83,12/28/12,
Canada,PICKERING-5,PHWR,516,Operational,OPG,11/1/74,1974,10/23/82,12/19/82,5/10/83,,58.6
Canada,POINT LEPREAU,PHWR,660,Operational,NBEPC,5/1/75,1975,7/25/82,9/11/82,2/1/83,,70.8
Canada,PICKERING-6,PHWR,516,Operational,OPG,10/1/75,1975,10/15/83,11/8/83,2/1/84,,67.4
Canada,PICKERING-7,PHWR,516,Operational,OPG,3/1/76,1976,10/22/84,11/17/84,1/1/85,,94.9
Canada,PICKERING-8,PHWR,516,Operational,OPG,9/1/76,1976,12/17/85,1/21/86,2/28/86,,86.3
Canada,BRUCE-6,PHWR,817,Operational,BRUCEPOW,1/1/78,1978,5/29/84,6/26/84,9/14/84,,81.1
Canada,BRUCE-5,PHWR,817,Operational,BRUCEPOW,6/1/78,1978,11/15/84,12/2/84,3/1/85,,92.1
Canada,BRUCE-7,PHWR,817,Operational,BRUCEPOW,5/1/79,1979,1/7/86,2/22/86,4/10/86,,99.5
Canada,BRUCE-8,PHWR,817,Operational,BRUCEPOW,8/1/79,1979,2/15/87,3/9/87,5/22/87,,80.6
Canada,DARLINGTON-2,PHWR,878,Operational,OPG,9/1/81,1981,11/5/89,1/15/90,10/9/90,,67.3
Canada,DARLINGTON-1,PHWR,878,Operational,OPG,4/1/82,1982,10/29/90,12/19/90,11/14/92,,98.4
Canada,DARLINGTON-3,PHWR,878,Operational,OPG,9/1/84,1984,11/9/92,12/7/92,2/14/93,,96.6
Canada,DARLINGTON-4,PHWR,878,Operational,OPG,7/1/85,1985,3/13/93,4/17/93,6/14/93,,68.8
China,QINSHAN-1,PWR,298,Operational,CNNO,3/20/85,1985,10/31/91,12/15/91,4/1/94,,81
China,DAYA BAY-1,PWR,944,Operational,DNMC,8/7/87,1987,7/28/93,8/31/93,2/1/94,,86.7
China,DAYA BAY-2,PWR,944,Operational,DNMC,4/7/88,1988,1/21/94,2/7/94,5/6/94,,85.8
China,QINSHAN 2-1,PWR,610,Operational,NPQJVC,6/2/96,1996,11/15/01,2/6/02,4/15/02,,85.8
China,QINSHAN 2-2,PWR,610,Operational,NPQJVC,4/1/97,1997,2/25/04,3/11/04,5/3/04,,88.7
China,LING AO-1,PWR,950,Operational,DNMC,5/15/97,1997,2/4/02,2/26/02,5/28/02,,82.8
China,LING AO-2,PWR,950,Operational,DNMC,11/28/97,1997,8/27/02,9/14/02,1/8/03,,88.6
China,QINSHAN 3-1,PHWR,650,Operational,TQNPC,6/8/98,1998,9/21/02,11/19/02,12/31/02,,89.9
China,QINSHAN 3-2,PHWR,650,Operational,TQNPC,9/25/98,1998,1/18/03,6/12/03,7/24/03,,99.9
China,TIANWAN-1,PWR,990,Operational,JNPC,10/20/99,1999,12/20/05,5/12/06,5/17/07,,90.7
China,CEFR,FBR,20,Operational,CIAE,5/10/00,2000,7/21/10,7/21/11,,,0
China,TIANWAN-2,PWR,990,Operational,JNPC,9/20/00,2000,5/1/07,5/14/07,8/16/07,,89.1
China,LING AO-3,PWR,1007,Operational,DNMC,12/15/05,2005,6/9/10,7/15/10,9/15/10,,90.1
China,QINSHAN 2-3,PWR,610,Operational,NPQJVC,4/28/06,2006,7/13/10,8/1/10,10/5/10,,93.5
China,LING AO-4,PWR,1007,Operational,DNMC,6/15/06,2006,2/25/11,5/3/11,8/7/11,,89
China,QINSHAN 2-4,PWR,610,Operational,NPQJVC,1/28/07,2007,11/17/11,11/25/11,12/30/11,,84.2
China,HONGYANHE-1,PWR,1061,Operational,LHNPC,8/18/07,2007,1/16/13,2/17/13,6/6/13,,99.5
China,NINGDE-1,PWR,1018,Operational,NDNP,2/18/08,2008,11/24/12,12/28/12,4/15/13,,99.9
China,HONGYANHE-2,PWR,1061,Operational,LHNPC,3/28/08,2008,10/24/13,11/23/13,5/13/14,,0
China,NINGDE-2,PWR,1018,Operational,NDNP,11/12/08,2008,12/20/13,1/4/14,5/4/14,,0
China,FUQING-1,PWR,1000,Operational,FQNP,11/21/08,2008,7/24/14,8/20/14,,,0
China,YANGJIANG-1,PWR,1000,Operational,YJNPC,12/16/08,2008,12/23/13,12/31/13,3/25/14,,0
China,FANGJIASHAN-1,PWR,1000,Operational,QNPC,12/26/08,2008,10/21/14,11/4/14,,,0
China,HONGYANHE-3,PWR,1000,Under Construction,LHNPC,3/7/09,2009,10/27/14,,,,
China,SANMEN-1,PWR,1000,Under Construction,SMNPC,4/19/09,2009,,,,,
China,YANGJIANG-2,PWR,1000,Under Construction,YJNPC,6/4/09,2009,,,,,
China,FUQING-2,PWR,1000,Under Construction,FQNP,6/17/09,2009,,,,,
China,FANGJIASHAN-2,PWR,1000,Under Construction,QNPC,7/17/09,2009,,,,,
China,HONGYANHE-4,PWR,1000,Under Construction,LHNPC,8/15/09,2009,,,,,
China,HAIYANG-1,PWR,1000,Under Construction,SDNPC,9/24/09,2009,,,,,
China,TAISHAN-1,PWR,1660,Under Construction,TNPC,11/18/09,2009,,,,,
China,SANMEN-2,PWR,1000,Under Construction,SMNPC,12/15/09,2009,,,,,
China,NINGDE-3,PWR,1018,Under Construction,NDNP,1/8/10,2010,,,,,
China,TAISHAN-2,PWR,1660,Under Construction,TNPC,4/15/10,2010,,,,,
China,CHANGJIANG-1,PWR,610,Under Construction,HNPC,4/25/10,2010,,,,,
China,HAIYANG-2,PWR,1000,Under Construction,SDNPC,6/20/10,2010,,,,,
China,FANGCHENGGANG-1,PWR,1000,Under Construction,GFNPC,7/30/10,2010,,,,,
China,NINGDE-4,PWR,1018,Under Construction,NDNP,9/29/10,2010,,,,,
China,YANGJIANG-3,PWR,1000,Under Construction,YJNPC,11/15/10,2010,,,,,
China,CHANGJIANG-2,PWR,610,Under Construction,HNPC,11/21/10,2010,,,12/31/15,,
China,FANGCHENGGANG-2,PWR,1000,Under Construction,GFNPC,12/23/10,2010,,,,,
China,FUQING-3,PWR,1000,Under Construction,FQNP,12/31/10,2010,,,7/31/15,,
China,FUQING-4,PWR,1000,Under Construction,FQNP,11/17/12,2012,,,,,
China,YANGJIANG-4,PWR,1000,Under Construction,YJNPC,11/17/12,2012,,,,,
China,SHIDAO BAY-1,HTGR,200,Under Construction,HSNPC,12/9/12,2012,,,,,
China,TIANWAN-3,PWR,990,Under Construction,JNPC,12/27/12,2012,,,,,
China,YANGJIANG-5,PWR,1000,Under Construction,YJNPC,9/18/13,2013,,,,,
China,YANGJIANG-6,PWR,1000,Under Construction,YJNPC,12/23/13,2013,,,,,
China,TIANWAN-4,PWR,990,Under Construction,JNPC,9/27/13,2013,,,,,
Czechoslovakia,BOHUNICE A1,HWGCR,93,Permanent Shutdown,JAVYS,8/1/58,1958,10/24/72,12/25/72,12/25/72,2/22/77,
Czechoslovakia,BOHUNICE-1,PWR,408,Permanent Shutdown,JAVYS,4/24/72,1972,11/27/78,12/17/78,4/1/80,12/31/06,
Czechoslovakia,BOHUNICE-2,PWR,408,Permanent Shutdown,JAVYS,4/24/72,1972,3/15/80,3/26/80,1/1/81,12/31/08,
Czechoslovakia,BOHUNICE-3,PWR,471,Operational,"SE,plc",12/1/76,1976,8/7/84,8/20/84,2/14/85,,93.7
Czechoslovakia,BOHUNICE-4,PWR,471,Operational,"SE,plc",12/1/76,1976,8/2/85,8/9/85,12/18/85,,94.5
Czechoslovakia,DUnited KingdomOVANY-1,PWR,468,Operational,CEZ,1/1/79,1979,2/12/85,2/24/85,5/3/85,,92.6
Czechoslovakia,DUnited KingdomOVANY-2,PWR,471,Operational,CEZ,1/1/79,1979,1/23/86,1/30/86,3/21/86,,90.6
Czechoslovakia,DUnited KingdomOVANY-3,PWR,468,Operational,CEZ,3/1/79,1979,10/28/86,11/14/86,12/20/86,,87.4
Czechoslovakia,DUnited KingdomOVANY-4,PWR,471,Operational,CEZ,3/1/79,1979,6/1/87,6/11/87,7/19/87,,91.4
Czechoslovakia,MOCHOVCE-1,PWR,436,Operational,"SE,plc",10/13/83,1983,6/9/98,7/4/98,10/29/98,,93.3
Czechoslovakia,MOCHOVCE-2,PWR,436,Operational,"SE,plc",10/13/83,1983,12/1/99,12/20/99,4/11/00,,94.2
Czechoslovakia,TEMELIN-3,PWR,892,Suspended Constr.,CEZ,1/1/85,1985,,,,,
Czechoslovakia,TEMELIN-4,PWR,892,Suspended Constr.,CEZ,1/1/85,1985,,,,,
Czechoslovakia,TEMELIN-1,PWR,1003,Operational,CEZ,2/1/87,1987,10/11/00,12/21/00,6/10/02,,82.3
Czechoslovakia,TEMELIN-2,PWR,1003,Operational,CEZ,2/1/87,1987,5/31/02,12/29/02,4/18/03,,84.8
Czechoslovakia,MOCHOVCE-3,PWR,440,Under Construction,"SE,plc",1/27/87,1987,8/20/16,9/5/16,11/9/16,,
Czechoslovakia,MOCHOVCE-4,PWR,440,Under Construction,"SE,plc",1/27/87,1987,8/20/17,9/5/17,11/9/17,,
Egypt,First NPP (Al Dabaa),WCR,600-100,,,2013/2014,,,,2018/2019,,
Finland,LOVIISA-1,PWR,496,Operational,FORTUMPH,5/1/71,1971,1/21/77,2/8/77,5/9/77,,93
Finland,LOVIISA-2,PWR,496,Operational,FORTUMPH,8/1/72,1972,10/17/80,11/4/80,1/5/81,,93.7
Finland,OLKILUOTO-1,BWR,880,Operational,TVO,2/1/74,1974,7/21/78,9/2/78,10/10/79,,97.4
Finland,OLKILUOTO-2,BWR,880,Operational,TVO,11/1/75,1975,10/13/79,2/18/80,7/10/82,,93.1
Finland,OLKILUOTO-3,PWR,1600,Under Construction,TVO,8/12/05,2005,,,1/1/16,,
France,G-2 (MARCOULE),GCR,39,Permanent Shutdown,COGEMA,3/1/55,1955,7/21/58,4/22/59,4/22/59,2/2/80,
France,G-3 (MARCOULE),GCR,40,Permanent Shutdown,COGEMA,3/1/56,1956,6/11/59,4/4/60,4/4/60,6/20/84,
France,CHINON A-1,GCR,70,Permanent Shutdown,EDF,2/1/57,1957,9/16/62,6/14/63,2/1/64,4/16/73,
France,CHINON A-2,GCR,180,Permanent Shutdown,EDF,8/1/59,1959,8/17/64,2/24/65,2/24/65,6/14/85,
France,CHINON A-3,GCR,360,Permanent Shutdown,EDF,3/1/61,1961,3/1/66,8/4/66,8/4/66,6/15/90,
France,CHOOZ-A (ARDENNES),PWR,305,Permanent Shutdown,SENA,1/1/62,1962,10/18/66,4/3/67,4/15/67,10/30/91,
France,EL-4 (MONTS D'ARREE),HWGCR,70,Permanent Shutdown,EDF,7/1/62,1962,12/23/66,7/9/67,6/1/68,7/31/85,
France,ST. LAURENT A-1,GCR,390,Permanent Shutdown,EDF,10/1/63,1963,1/7/69,3/14/69,6/1/69,4/18/90,
France,BUGEY-1,GCR,540,Permanent Shutdown,EDF,12/1/65,1965,3/21/72,4/15/72,7/1/72,5/27/94,
France,ST. LAURENT A-2,GCR,465,Permanent Shutdown,EDF,1/1/66,1966,7/4/71,8/9/71,11/1/71,5/27/92,
France,PHENIX,FBR,130,Operational,CEA/EDF,11/1/68,1968,8/31/73,12/13/73,7/14/74,2/1/10 23:59,0
France,FESSENHEIM-1,PWR,880,Operational,EDF,9/1/71,1971,3/7/77,4/6/77,1/1/78,,60.2
France,FESSENHEIM-2,PWR,880,Operational,EDF,2/1/72,1972,6/27/77,10/7/77,4/1/78,,66.2
France,BUGEY-2,PWR,910,Operational,EDF,11/1/72,1972,4/20/78,5/10/78,3/1/79,,61.2
France,BUGEY-3,PWR,910,Operational,EDF,9/1/73,1973,8/31/78,9/21/78,3/1/79,,55.4
France,BUGEY-4,PWR,880,Operational,EDF,6/1/74,1974,2/17/79,3/8/79,7/1/79,,96.2
France,BUGEY-5,PWR,880,Operational,EDF,7/1/74,1974,7/15/79,7/31/79,1/3/80,,67.8
France,TRICASTIN-1,PWR,915,Operational,EDF,11/1/74,1974,2/21/80,5/31/80,12/1/80,,76.7
France,TRICASTIN-2,PWR,915,Operational,EDF,12/1/74,1974,7/22/80,8/7/80,12/1/80,,73.8
France,DAMPIERRE-1,PWR,890,Operational,EDF,2/1/75,1975,3/15/80,3/23/80,9/10/80,,66.3
France,GRAVELINES-1,PWR,910,Operational,EDF,2/1/75,1975,2/21/80,3/13/80,11/25/80,,75.1
France,GRAVELINES-2,PWR,910,Operational,EDF,3/1/75,1975,8/2/80,8/26/80,12/1/80,,51.9
France,DAMPIERRE-2,PWR,890,Operational,EDF,4/1/75,1975,12/5/80,12/10/80,2/16/81,,88.7
France,TRICASTIN-3,PWR,915,Operational,EDF,4/1/75,1975,11/29/80,2/10/81,5/11/81,,87.9
France,TRICASTIN-4,PWR,915,Operational,EDF,5/1/75,1975,5/31/81,6/12/81,11/1/81,,87.2
France,DAMPIERRE-3,PWR,890,Operational,EDF,9/1/75,1975,1/25/81,1/30/81,5/27/81,,65.8
France,DAMPIERRE-4,PWR,890,Operational,EDF,12/1/75,1975,8/5/81,8/18/81,11/20/81,,90.3
France,GRAVELINES-3,PWR,910,Operational,EDF,12/1/75,1975,11/30/80,12/12/80,6/1/81,,82.6
France,GRAVELINES-4,PWR,910,Operational,EDF,4/1/76,1976,5/31/81,6/14/81,10/1/81,,80.4
France,ST. LAURENT B-1,PWR,915,Operational,EDF,5/1/76,1976,1/4/81,1/21/81,8/1/83,,64.4
France,ST. LAURENT B-2,PWR,915,Operational,EDF,7/1/76,1976,5/12/81,6/1/81,8/1/83,,44.4
France,SUPER-PHENIX,FBR,1200,Permanent Shutdown,EDF,12/13/76,1976,9/7/85,1/14/86,12/1/86,12/31/98,
France,BLAYAIS-1,PWR,910,Operational,EDF,1/1/77,1977,5/20/81,6/12/81,12/1/81,,86.9
France,BLAYAIS-2,PWR,910,Operational,EDF,1/1/77,1977,6/28/82,7/17/82,2/1/83,,64.2
France,CHINON B-1,PWR,905,Operational,EDF,3/1/77,1977,10/28/82,11/30/82,2/1/84,,52.3
France,CHINON B-2,PWR,905,Operational,EDF,3/1/77,1977,9/23/83,11/29/83,8/1/84,,64.5
France,PALUEL-1,PWR,1330,Operational,EDF,8/15/77,1977,5/13/84,6/22/84,12/1/85,,70.6
France,PALUEL-2,PWR,1330,Operational,EDF,1/1/78,1978,8/11/84,9/14/84,12/1/85,,98.9
France,BLAYAIS-3,PWR,910,Operational,EDF,4/1/78,1978,7/29/83,8/17/83,11/14/83,,86.1
France,BLAYAIS-4,PWR,910,Operational,EDF,4/1/78,1978,5/1/83,5/16/83,10/1/83,,66.3
France,CRUAS-1,PWR,915,Operational,EDF,8/1/78,1978,4/2/83,4/29/83,4/2/84,,82.3
France,CRUAS-2,PWR,915,Operational,EDF,11/15/78,1978,8/1/84,9/6/84,4/1/85,,75.7
France,ST. ALBAN-1,PWR,1335,Operational,EDF,1/29/79,1979,8/4/85,8/30/85,5/1/86,,98.7
France,PALUEL-3,PWR,1330,Operational,EDF,2/1/79,1979,8/7/85,9/30/85,2/1/86,,82.7
France,CRUAS-3,PWR,915,Operational,EDF,4/15/79,1979,4/9/84,5/14/84,9/10/84,,89.9
France,ST. ALBAN-2,PWR,1335,Operational,EDF,7/31/79,1979,6/7/86,7/3/86,3/1/87,,66.8
France,CRUAS-4,PWR,915,Operational,EDF,10/1/79,1979,10/1/84,10/27/84,2/11/85,,86.6
France,GRAVELINES-5,PWR,910,Operational,EDF,10/1/79,1979,8/5/84,8/28/84,1/15/85,,84.2
France,GRAVELINES-6,PWR,910,Operational,EDF,10/1/79,1979,7/21/85,8/1/85,10/25/85,,84.5
France,CATTENOM-1,PWR,1300,Operational,EDF,10/29/79,1979,10/24/86,11/13/86,4/1/87,,59.7
France,FLAMANVILLE-1,PWR,1330,Operational,EDF,12/1/79,1979,9/29/85,12/4/85,12/1/86,,98.8
France,PALUEL-4,PWR,1330,Operational,EDF,2/1/80,1980,3/29/86,4/11/86,6/1/86,,66.3
France,BELLEVILLE-1,PWR,1310,Operational,EDF,5/1/80,1980,9/9/87,10/14/87,6/1/88,,82
France,FLAMANVILLE-2,PWR,1330,Operational,EDF,5/1/80,1980,6/12/86,7/18/86,3/9/87,,70.7
France,CATTENOM-2,PWR,1300,Operational,EDF,7/28/80,1980,8/7/87,9/17/87,2/1/88,,87.8
France,BELLEVILLE-2,PWR,1310,Operational,EDF,8/1/80,1980,5/25/88,7/6/88,1/1/89,,71.1
France,CHINON B-3,PWR,905,Operational,EDF,10/1/80,1980,9/18/86,10/20/86,3/4/87,,76.2
France,CHINON B-4,PWR,905,Operational,EDF,2/1/81,1981,10/13/87,11/14/87,4/1/88,,85.7
France,NOGENT-1,PWR,1310,Operational,EDF,5/26/81,1981,9/12/87,10/21/87,2/24/88,,99.4
France,NOGENT-2,PWR,1310,Operational,EDF,1/1/82,1982,10/4/88,12/14/88,5/1/89,,86.8
France,CATTENOM-3,PWR,1300,Operational,EDF,6/15/82,1982,2/16/90,7/6/90,2/1/91,,74.3
France,PENLY-1,PWR,1330,Operational,EDF,9/1/82,1982,4/1/90,5/4/90,12/1/90,,85.7
France,GOLFECH-1,PWR,1310,Operational,EDF,11/17/82,1982,4/24/90,6/7/90,2/1/91,,88.5
France,CATTENOM-4,PWR,1300,Operational,EDF,9/28/83,1983,5/4/91,5/27/91,1/1/92,,54.3
France,CHOOZ B-1,PWR,1500,Operational,EDF,1/1/84,1984,7/25/96,8/30/96,5/15/00,,78.9
France,PENLY-2,PWR,1330,Operational,EDF,8/1/84,1984,1/10/92,2/4/92,11/1/92,,99.1
France,GOLFECH-2,PWR,1310,Operational,EDF,10/1/84,1984,5/21/93,6/18/93,3/4/94,,96.1
France,CHOOZ B-2,PWR,1500,Operational,EDF,12/31/85,1985,3/10/97,4/10/97,9/29/00,,84.4
France,CIVAUX-1,PWR,1495,Operational,EDF,10/15/88,1988,11/29/97,12/24/97,1/29/02,,68.9
France,CIVAUX-2,PWR,1495,Operational,EDF,4/1/91,1991,11/27/99,12/24/99,4/23/02,,83.8
France,FLAMANVILLE-3,PWR,1600,Under Construction,EDF,12/3/07,2007,12/30/16,12/31/16,,,
Germany,VAK KAHL,BWR,15,Permanent Shutdown,VAK,7/1/58,1958,11/13/60,6/17/61,2/1/62,11/25/85,
Germany,RHEINSBERG,PWR,62,Permanent Shutdown,EWN,1/1/60,1960,3/1/66,5/6/66,10/11/66,6/1/90,
Germany,AVR JUELICH,HTGR,13,Permanent Shutdown,AVR,8/1/61,1961,8/16/66,12/17/67,5/19/69,12/31/88,
Germany,MZFR,PHWR,52,Permanent Shutdown,KBG,12/1/61,1961,9/29/65,3/9/66,12/19/66,5/3/84,
Germany,GUNDREMMINGEN-A,BWR,237,Permanent Shutdown,KGB,12/12/62,1962,8/14/66,12/1/66,4/12/67,1/13/77,
Germany,LINGEN,BWR,183,Permanent Shutdown,KWL,10/1/64,1964,1/31/68,7/1/68,10/1/68,1/5/77,
Germany,HDR GROSSWELZHEIM,BWR,25,Permanent Shutdown,HDR,1/1/65,1965,10/14/69,10/14/69,8/2/70,4/20/71,
Germany,OBRIGHEIM,PWR,340,Permanent Shutdown,EnBW,3/15/65,1965,9/22/68,10/29/68,3/31/69,5/11/05,
Germany,NIEDERAICHBACH,HWGCR,100,Permanent Shutdown,KKN,6/1/66,1966,12/17/72,1/1/73,1/1/73,7/31/74,
Germany,STADE,PWR,640,Permanent Shutdown,E.ON,12/1/67,1967,1/8/72,1/29/72,5/19/72,11/14/03,
Germany,WUERGASSEN,BWR,640,Permanent Shutdown,PE,1/26/68,1968,10/20/71,12/18/71,11/11/75,8/26/94,
Germany,BIBLIS-A,PWR,1167,Permanent Shutdown,RWE,1/1/70,1970,7/16/74,8/25/74,2/26/75,8/6/11,
Germany,GREIFSWALD-1,PWR,408,Permanent Shutdown,EWN,3/1/70,1970,12/15/73,12/17/73,7/12/74,2/14/90,
Germany,GREIFSWALD-2,PWR,408,Permanent Shutdown,EWN,3/1/70,1970,12/3/74,12/23/74,4/16/75,2/14/90,
Germany,BRUNSBUETTEL,BWR,771,Permanent Shutdown,KKB,4/15/70,1970,6/23/76,7/13/76,2/9/77,8/6/11,
Germany,PHILIPPSBURG-1,BWR,890,Permanent Shutdown,EnKK,10/1/70,1970,3/9/79,5/5/79,3/26/80,8/6/11,
Germany,THTR-300,HTGR,296,Permanent Shutdown,HKG,5/3/71,1971,9/13/83,11/16/85,6/1/87,9/29/88,
Germany,BIBLIS-B,PWR,1240,Permanent Shutdown,RWE,2/1/72,1972,3/25/76,4/25/76,1/31/77,8/6/11,
Germany,NECKARWESTHEIM-1,PWR,785,Permanent Shutdown,EnKK,2/1/72,1972,5/26/76,6/3/76,12/1/76,8/6/11,
Germany,GREIFSWALD-3,PWR,408,Permanent Shutdown,EWN,4/1/72,1972,10/16/77,10/24/77,5/1/78,2/28/90,
Germany,GREIFSWALD-4,PWR,408,Permanent Shutdown,EWN,4/1/72,1972,7/22/79,9/3/79,11/1/79,7/22/90,
Germany,ISAR-1,BWR,878,Permanent Shutdown,E.ON,5/1/72,1972,11/20/77,12/3/77,3/21/79,8/6/11,
Germany,UNTERWESER,PWR,1345,Permanent Shutdown,E.ON,7/1/72,1972,9/16/78,9/29/78,9/6/79,8/6/11,
Germany,KALKAR,FBR,295,Cancelled Constr.,SBK,4/23/73,1973,,,,3/20/91,
Germany,KRUEMMEL,BWR,1346,Permanent Shutdown,KKK,4/5/74,1974,9/14/83,9/28/83,3/28/84,8/6/11,
Germany,KNK II,FBR,17,Permanent Shutdown,KBG,9/1/74,1974,10/10/77,4/9/78,3/3/79,8/23/91,
Germany,GRAFENRHEINFELD,PWR,1275,Operational,E.ON,1/1/75,1975,12/9/81,12/30/81,6/17/82,,89.2
Germany,MUELHEIM-KAERLICH,PWR,1219,Permanent Shutdown,KGG,1/15/75,1975,3/1/86,3/14/86,8/18/87,9/9/88,
Germany,BROKDORF,PWR,1410,Operational,E.ON,1/1/76,1976,10/8/86,10/14/86,12/22/86,,92.1
Germany,GROHNDE,PWR,1360,Operational,KWG,6/1/76,1976,9/1/84,9/5/84,2/1/85,,89.4
Germany,GUNDREMMINGEN-B,BWR,1284,Operational,KGG,7/20/76,1976,3/9/84,3/16/84,7/19/84,,85.9
Germany,GUNDREMMINGEN-C,BWR,1288,Operational,KGG,7/20/76,1976,10/26/84,11/2/84,1/18/85,,89.2
Germany,GREIFSWALD-5,PWR,408,Permanent Shutdown,EWN,12/1/76,1976,3/26/89,4/24/89,11/1/89,11/24/89,
Germany,GREIFSWALD-6,PWR,408,Cancelled Constr.,EWN,12/1/76,1976,,,,1/1/90,
Germany,PHILIPPSBURG-2,PWR,1402,Operational,EnKK,7/7/77,1977,12/13/84,12/17/84,4/18/85,,73.1
Germany,GREIFSWALD-7,PWR,408,Cancelled Constr.,EWN,12/1/78,1978,,,,10/1/90,
Germany,GREIFSWALD-8,PWR,408,Cancelled Constr.,EWN,12/1/78,1978,,,,10/1/90,
Germany,EMSLAND,PWR,1329,Operational,KLE,8/10/82,1982,4/14/88,4/19/88,6/20/88,,95
Germany,ISAR-2,PWR,1410,Operational,E.ON,9/15/82,1982,1/15/88,1/22/88,4/9/88,,94.3
Germany,NECKARWESTHEIM-2,PWR,1310,Operational,EnKK,11/9/82,1982,12/29/88,1/3/89,4/15/89,,90.1
Germany,STENDAL-1,PWR,900,Cancelled Constr.,EWN,12/1/82,1982,,,,3/1/91,
Germany,STENDAL-2,PWR,900,Cancelled Constr.,EWN,12/1/84,1984,,,,3/1/91,
Hungary,PAKS-1,PWR,470,Operational,PAKS Zrt,8/1/74,1974,12/14/82,12/28/82,8/10/83,,91.4
Hungary,PAKS-2,PWR,473,Operational,PAKS Zrt,8/1/74,1974,8/26/84,9/6/84,11/14/84,,90.3
Hungary,PAKS-3,PWR,473,Operational,PAKS Zrt,10/1/79,1979,9/15/86,9/28/86,12/1/86,,73.9
Hungary,PAKS-4,PWR,473,Operational,PAKS Zrt,10/1/79,1979,8/9/87,8/16/87,11/1/87,,92.1
India,TARAPUR-1,BWR,150,Operational,NPCIL,10/1/64,1964,2/1/69,4/1/69,10/28/69,,84.6
India,TARAPUR-2,BWR,150,Operational,NPCIL,10/1/64,1964,2/28/69,5/5/69,10/28/69,,32.3
India,RAJASTHAN-1,PHWR,90,Operational,NPCIL,8/1/65,1965,8/11/72,11/30/72,12/16/73,,0
India,RAJASTHAN-2,PHWR,187,Operational,NPCIL,4/1/68,1968,10/8/80,11/1/80,4/1/81,,94.1
India,MADRAS-1,PHWR,205,Operational,NPCIL,1/1/71,1971,7/2/83,7/23/83,1/27/84,,94
India,MADRAS-2,PHWR,205,Operational,NPCIL,10/1/72,1972,8/12/85,9/20/85,3/21/86,,42.6
India,NARORA-1,PHWR,202,Operational,NPCIL,12/1/76,1976,3/12/89,7/29/89,1/1/91,,90.8
India,NARORA-2,PHWR,202,Operational,NPCIL,11/1/77,1977,10/24/91,1/5/92,7/1/92,,89.5
India,KAKRAPAR-1,PHWR,202,Operational,NPCIL,12/1/84,1984,9/3/92,11/24/92,5/6/93,,95.9
India,KAKRAPAR-2,PHWR,202,Operational,NPCIL,4/1/85,1985,1/8/95,3/4/95,9/1/95,,98.6
India,KAIGA-1,PHWR,202,Operational,NPCIL,9/1/89,1989,9/26/00,10/12/00,11/16/00,,92
India,KAIGA-2,PHWR,202,Operational,NPCIL,12/1/89,1989,9/24/99,12/2/99,3/16/00,,98.3
India,RAJASTHAN-3,PHWR,202,Operational,NPCIL,2/1/90,1990,12/24/99,3/10/00,6/1/00,,98.2
India,RAJASTHAN-4,PHWR,202,Operational,NPCIL,10/1/90,1990,11/3/00,11/17/00,12/23/00,,91.4
India,TARAPUR-4,PHWR,490,Operational,NPCIL,3/8/00,2000,3/6/05,6/4/05,9/12/05,,88.8
India,TARAPUR-3,PHWR,490,Operational,NPCIL,5/12/00,2000,5/21/06,6/15/06,8/18/06,,82.1
India,KAIGA-3,PHWR,202,Operational,NPCIL,3/30/02,2002,2/26/07,4/11/07,5/6/07,,96.8
India,KUDANKULAM-1,PWR,917,Operational,NPCIL,3/31/02,2002,7/13/13,10/22/13,6/30/14,,0
India,KAIGA-4,PHWR,202,Operational,NPCIL,5/10/02,2002,11/27/10,1/19/11,1/20/11,,76.8
India,KUDANKULAM-2,PWR,917,Under Construction,NPCIL,7/4/02,2002,,,12/31/14,,
India,RAJASTHAN-5,PHWR,202,Operational,NPCIL,9/18/02,2002,11/24/09,12/22/09,2/4/10,,100
India,RAJASTHAN-6,PHWR,202,Operational,NPCIL,1/20/03,2003,1/23/10,3/28/10,3/31/10,,84.9
India,PFBR,FBR,470,Under Construction,BHAVINI,10/23/04,2004,,,,,
India,KAKRAPAR-3,PHWR,630,Under Construction,NPCIL,11/22/10,2010,12/31/14,3/31/15,6/30/15,,
India,KAKRAPAR-4,PHWR,630,Under Construction,NPCIL,11/22/10,2010,6/30/15,9/30/15,12/31/15,,
India,RAJASTHAN-7,PHWR,630,Under Construction,NPCIL,7/18/11,2011,12/31/15,3/31/16,6/30/16,,
India,RAJASTHAN-8,PHWR,630,Under Construction,NPCIL,9/30/11,2011,6/30/16,9/30/16,12/31/16,,
Iran,BUSHEHR-1,PWR,915,Operational,NPPDCO,5/1/75,1975,5/8/11,9/3/11,9/23/13,,95.1
Italy,LATINA,GCR,153,Permanent Shutdown,SOGIN,11/1/58,1958,12/27/62,5/12/63,1/1/64,12/1/87,
Italy,GARIGLIANO,BWR,150,Permanent Shutdown,SOGIN,11/1/59,1959,6/5/63,1/1/64,6/1/64,3/1/82,
Italy,ENRICO FERMI,PWR,260,Permanent Shutdown,SOGIN,7/1/61,1961,6/21/64,10/22/64,1/1/65,7/1/90,
Italy,CAORSO,BWR,860,Permanent Shutdown,SOGIN,1/1/70,1970,12/31/77,5/23/78,12/1/81,7/1/90,
Italy,CIRENE,HWLWR,35,Cancelled Constr.,ENELENEA,1/1/79,1979,,,,1/1/88,
Italy,MONTALTO DI CASTRO-1,BWR,982,Cancelled Constr.,ENEL,7/1/82,1982,,,,1/1/88,
Italy,MONTALTO DI CASTRO-2,BWR,982,Cancelled Constr.,ENEL,7/1/82,1982,,,,1/1/88,
Japan,JPDR,BWR,12,Permanent Shutdown,JAEA,12/1/60,1960,8/22/63,10/26/63,3/15/65,3/18/76,
Japan,TOKAI-1,GCR,137,Permanent Shutdown,JAPCO,3/1/61,1961,5/4/65,11/10/65,7/25/66,3/31/98,
Japan,TSURUGA-1,BWR,340,Operational,JAPCO,11/24/66,1966,10/3/69,11/16/69,3/14/70,,0
Japan,MIHAMA-1,PWR,320,Operational,KEPCO,2/1/67,1967,7/29/70,8/8/70,11/28/70,,0
Japan,FUnited KingdomUSHIMA-DAIICHI-1,BWR,439,Permanent Shutdown,TEPCO,7/25/67,1967,10/10/70,11/17/70,3/26/71,5/19/11,
Japan,MIHAMA-2,PWR,470,Operational,KEPCO,5/29/68,1968,4/10/72,4/21/72,7/25/72,,0
Japan,FUnited KingdomUSHIMA-DAIICHI-2,BWR,760,Permanent Shutdown,TEPCO,6/9/69,1969,5/10/73,12/24/73,7/18/74,5/19/11,
Japan,TAKAHAMA-1,PWR,780,Operational,KEPCO,4/25/70,1970,3/14/74,3/27/74,11/14/74,,0
Japan,SHIMANE-1,BWR,439,Operational,CHUGOKU,7/2/70,1970,6/1/73,12/2/73,3/29/74,,0
Japan,FUnited KingdomUSHIMA-DAIICHI-3,BWR,760,Permanent Shutdown,TEPCO,12/28/70,1970,9/6/74,10/26/74,3/27/76,5/19/11,
Japan,TAKAHAMA-2,PWR,780,Operational,KEPCO,3/9/71,1971,12/20/74,1/17/75,11/14/75,,0
Japan,HAMAOKA-1,BWR,515,Permanent Shutdown,CHUBU,6/10/71,1971,6/20/74,8/13/74,3/17/76,1/30/09,
Japan,GENKAI-1,PWR,529,Operational,KYUSHU,9/15/71,1971,1/28/75,2/14/75,10/15/75,,0
Japan,FUGEN ATR,HWLWR,148,Permanent Shutdown,JAEA,5/10/72,1972,3/20/78,7/29/78,3/20/79,3/29/03,
Japan,FUnited KingdomUSHIMA-DAIICHI-5,BWR,760,Permanent Shutdown,TEPCO,5/22/72,1972,8/26/77,9/22/77,4/18/78,12/17/13,0
Japan,MIHAMA-3,PWR,780,Operational,KEPCO,8/7/72,1972,1/28/76,2/19/76,12/1/76,,0
Japan,OHI-1,PWR,1120,Operational,KEPCO,10/26/72,1972,12/2/77,12/23/77,3/27/79,,0
Japan,OHI-2,PWR,1120,Operational,KEPCO,12/8/72,1972,9/14/78,10/11/78,12/5/79,,0
Japan,FUnited KingdomUSHIMA-DAIICHI-4,BWR,760,Permanent Shutdown,TEPCO,2/12/73,1973,1/28/78,2/24/78,10/12/78,5/19/11,
Japan,IKATA-1,PWR,538,Operational,SHIKOKU,9/1/73,1973,1/29/77,2/17/77,9/30/77,,0
Japan,TOKAI-2,BWR,1060,Operational,JAPCO,10/3/73,1973,1/18/78,3/13/78,11/28/78,,0
Japan,FUnited KingdomUSHIMA-DAIICHI-6,BWR,1067,Permanent Shutdown,TEPCO,10/26/73,1973,3/9/79,5/4/79,10/24/79,12/17/13,0
Japan,HAMAOKA-2,BWR,806,Permanent Shutdown,CHUBU,6/14/74,1974,3/28/78,5/4/78,11/29/78,1/30/09,
Japan,FUnited KingdomUSHIMA-DAINI-1,BWR,1067,Operational,TEPCO,3/16/76,1976,6/17/81,7/31/81,4/20/82,,0
Japan,GENKAI-2,PWR,529,Operational,KYUSHU,2/1/77,1977,5/21/80,6/3/80,3/30/81,,0
Japan,IKATA-2,PWR,538,Operational,SHIKOKU,8/1/78,1978,7/31/81,8/19/81,3/19/82,,0
Japan,FUnited KingdomUSHIMA-DAINI-2,BWR,1067,Operational,TEPCO,5/25/79,1979,4/26/83,6/23/83,2/3/84,,0
Japan,SENDAI-1,PWR,846,Operational,KYUSHU,12/15/79,1979,8/25/83,9/16/83,7/4/84,,0
Japan,KASHIWAZAKI KARIWA-1,BWR,1067,Operational,TEPCO,6/5/80,1980,12/12/84,2/13/85,9/18/85,,0
Japan,ONAGAWA-1,BWR,498,Operational,TOHOKU,7/8/80,1980,10/18/83,11/18/83,6/1/84,,0
Japan,TAKAHAMA-3,PWR,830,Operational,KEPCO,12/12/80,1980,4/17/84,5/9/84,1/17/85,,0
Japan,TAKAHAMA-4,PWR,830,Operational,KEPCO,3/19/81,1981,10/11/84,11/1/84,6/5/85,,0
Japan,FUnited KingdomUSHIMA-DAINI-3,BWR,1067,Operational,TEPCO,3/23/81,1981,10/18/84,12/14/84,6/21/85,,0
Japan,FUnited KingdomUSHIMA-DAINI-4,BWR,1067,Operational,TEPCO,5/28/81,1981,10/24/86,12/17/86,8/25/87,,0
Japan,SENDAI-2,PWR,846,Operational,KYUSHU,10/12/81,1981,3/18/85,4/5/85,11/28/85,,0
Japan,TSURUGA-2,PWR,1108,Operational,JAPCO,11/6/82,1982,5/28/86,6/19/86,2/17/87,,0
Japan,HAMAOKA-3,BWR,1056,Operational,CHUBU,4/18/83,1983,11/21/86,1/20/87,8/28/87,,0
Japan,SHIMANE-2,BWR,789,Operational,CHUGOKU,2/2/85,1985,5/25/88,7/11/88,2/10/89,,0
Japan,TOMARI-1,PWR,550,Operational,HEPCO,4/18/85,1985,11/16/88,12/6/88,6/22/89,,0
Japan,TOMARI-2,PWR,550,Operational,HEPCO,6/13/85,1985,7/25/90,8/27/90,4/12/91,,0
Japan,KASHIWAZAKI KARIWA-5,BWR,1067,Operational,TEPCO,6/20/85,1985,7/20/89,9/12/89,4/10/90,,0
Japan,KASHIWAZAKI KARIWA-2,BWR,1067,Operational,TEPCO,11/18/85,1985,11/30/89,2/8/90,9/28/90,,0
Japan,MONJU,FBR,246,Operational,JAEA,5/10/86,1986,4/5/94,8/29/95,,,0
Japan,OHI-3,PWR,1127,Operational,KEPCO,10/3/87,1987,5/17/91,6/7/91,12/18/91,,67.1
Japan,GENKAI-3,PWR,1127,Operational,KYUSHU,6/1/88,1988,5/28/93,6/15/93,3/18/94,,0
Japan,OHI-4,PWR,1127,Operational,KEPCO,6/13/88,1988,5/28/92,6/19/92,2/2/93,,70.7
Japan,KASHIWAZAKI KARIWA-3,BWR,1067,Operational,TEPCO,3/7/89,1989,10/19/92,12/8/92,8/11/93,,0
Japan,SHIKA-1,BWR,505,Operational,HOKURIKU,7/1/89,1989,11/20/92,1/12/93,7/30/93,,0
Japan,HAMAOKA-4,BWR,1092,Operational,CHUBU,10/13/89,1989,12/2/92,1/27/93,9/3/93,,0
Japan,KASHIWAZAKI KARIWA-4,BWR,1067,Operational,TEPCO,3/5/90,1990,11/1/93,12/21/93,8/11/94,,0
Japan,IKATA-3,PWR,846,Operational,SHIKOKU,10/1/90,1990,2/23/94,3/29/94,12/15/94,,0
Japan,ONAGAWA-2,BWR,796,Operational,TOHOKU,4/12/91,1991,11/2/94,12/23/94,7/28/95,,0
Japan,GENKAI-4,PWR,1127,Operational,KYUSHU,7/15/92,1992,10/23/96,11/12/96,7/25/97,,0
Japan,KASHIWAZAKI KARIWA-6,BWR,1315,Operational,TEPCO,11/3/92,1992,12/18/95,1/29/96,11/7/96,,0
Japan,KASHIWAZAKI KARIWA-7,BWR,1315,Operational,TEPCO,7/1/93,1993,11/1/96,12/17/96,7/2/97,,0
Japan,ONAGAWA-3,BWR,796,Operational,TOHOKU,1/23/98,1998,4/26/01,5/30/01,1/30/02,,0
Japan,HAMAOKA-5,BWR,1325,Operational,CHUBU,7/12/00,2000,3/23/04,4/30/04,1/18/05,,0
Japan,HIGASHI DORI-1 (TOHOKU),BWR,1067,Operational,TOHOKU,11/7/00,2000,1/24/05,3/9/05,12/8/05,,0
Japan,SHIKA-2,BWR,1108,Operational,HOKURIKU,8/20/01,2001,5/26/05,7/4/05,3/15/06,,0
Japan,TOMARI-3,PWR,866,Operational,HEPCO,11/18/04,2004,3/3/09,3/20/09,12/22/09,,0
Japan,SHIMANE-3,BWR,1325,Under Construction,CHUGOKU,10/12/07,2007,,,,,
Japan,OHMA,BWR,1325,Under Construction,EPDC,5/7/10,2010,,,,,
Kazakhstan,AKTAU,FBR,52,Permanent Shutdown,MAEC-KAZ,10/1/64,1964,11/1/72,7/16/73,7/16/73,4/22/99,
Mexico,LAGUNA VERDE-1,BWR,665,Operational,CFE,10/1/76,1976,11/8/88,4/13/89,7/29/90,,97.5
Mexico,LAGUNA VERDE-2,BWR,665,Operational,CFE,6/1/77,1977,9/6/94,11/11/94,4/10/95,,97.8
Netherlands,DODEWAARD,BWR,55,Permanent Shutdown,BV GKN,5/1/65,1965,6/24/68,10/18/68,3/26/69,3/26/97,
Netherlands,BORSSELE,PWR,482,Operational,EPZ,7/1/69,1969,6/20/73,7/4/73,10/26/73,,64.8
Pakistan,KANUPP,PHWR,90,Operational,PAEC,8/1/66,1966,8/1/71,10/18/71,12/7/72,,62.6
Pakistan,CHASNUPP-1,PWR,300,Operational,PAEC,8/1/93,1993,5/3/00,6/13/00,9/15/00,,84
Pakistan,CHASNUPP-2,PWR,300,Operational,PAEC,12/28/05,2005,2/22/11,3/14/11,5/18/11,,64.7
Pakistan,CHASNUPP-3,PWR,315,Under Construction,PAEC,5/28/11,2011,8/1/16,9/1/16,12/1/16,,
Pakistan,CHASNUPP-4,PWR,315,Under Construction,PAEC,12/18/11,2011,6/1/17,7/1/17,10/1/17,,
Philippines,BNPP-1,PWR,620,Cancelled Constr.,RPNPC,7/1/76,1976,,,,5/1/86,
Poland,ZARNOWIEC-1,PWR,440,Cancelled Constr.,EJZ,1/1/83,1983,,,,9/4/90,
Poland,ZARNOWIEC-2,PWR,440,Cancelled Constr.,EJZ,1/1/83,1983,,,,9/4/90,
Romania,CERNAVODA-1,PHWR,650,Operational,SNN,7/1/82,1982,4/16/96,7/11/96,12/2/96,,98.6
Romania,CERNAVODA-2,PHWR,650,Operational,SNN,7/1/83,1983,5/6/07,8/7/07,10/31/07,,89.2
Romania,CERNAVODA-3,PHWR,655,Suspended Constr.,SNN,2/9/84,1984,,,,,
Romania,CERNAVODA-4,PHWR,655,Suspended Constr.,SNN,8/15/85,1985,,,,,
Romania,CERNAVODA-5,PHWR,655,Cancelled Constr.,SNN,5/12/87,1987,,,,,
Russia,APS-1 OBNINSK,LWGR,5,Permanent Shutdown,MSM,1/1/51,1951,5/6/54,6/27/54,12/1/54,4/29/02,
Russia,NOVOVORONEZH-1,PWR,197,Permanent Shutdown,REA,7/1/57,1957,12/17/63,9/30/64,12/31/64,2/16/88,
Russia,BELOYARSK-1,LWGR,102,Permanent Shutdown,REA,6/1/58,1958,9/1/63,4/26/64,4/26/64,1/1/83,
Russia,BELOYARSK-2,LWGR,146,Permanent Shutdown,REA,1/1/62,1962,10/10/67,12/29/67,12/1/69,1/1/90,
Russia,NOVOVORONEZH-2,PWR,336,Permanent Shutdown,REA,6/1/64,1964,12/23/69,12/27/69,4/14/70,8/29/90,
Russia,NOVOVORONEZH-3,PWR,385,Operational,REA,7/1/67,1967,12/22/71,12/27/71,6/29/72,,85.2
Russia,NOVOVORONEZH-4,PWR,385,Operational,REA,7/1/67,1967,12/25/72,12/28/72,3/24/73,,90.4
Russia,BELOYARSK-3,FBR,560,Operational,REA,1/1/69,1969,2/26/80,4/8/80,11/1/81,,77.8
Russia,BILIBINO-1,LWGR,11,Operational,REA,1/1/70,1970,12/11/73,1/12/74,4/1/74,,79.1
Morocco,ÊSidi Boulbra Nuclear Power Plant,Not known yet,2 x 1000 MWe,Planned,,N/A,,,,2025-2030,,
Russia,BILIBINO-2,LWGR,11,Operational,REA,1/1/70,1970,12/7/74,12/30/74,2/1/75,,85.8
Russia,BILIBINO-3,LWGR,11,Operational,REA,1/1/70,1970,12/6/75,12/22/75,2/1/76,,85.6
Russia,BILIBINO-4,LWGR,11,Operational,REA,1/1/70,1970,12/12/76,12/27/76,1/1/77,,87.4
Russia,LENINGRAD-1,LWGR,925,Operational,REA,3/1/70,1970,9/12/73,12/21/73,11/1/74,,6.9
Russia,KOLA-1,PWR,411,Operational,REA,5/1/70,1970,6/26/73,6/29/73,12/28/73,,84
Russia,KOLA-2,PWR,411,Operational,REA,5/1/70,1970,11/30/74,12/9/74,2/21/75,,82.8
Russia,LENINGRAD-2,LWGR,925,Operational,REA,6/1/70,1970,5/6/75,7/11/75,2/11/76,,42.4
Russia,KURSK-1,LWGR,925,Operational,REA,6/1/72,1972,10/25/76,12/19/76,10/12/77,,81.4
Russia,KURSK-2,LWGR,925,Operational,REA,1/1/73,1973,12/16/78,1/28/79,8/17/79,,18.3
Russia,LENINGRAD-3,LWGR,925,Operational,REA,12/1/73,1973,9/17/79,12/7/79,6/29/80,,83.9
Russia,NOVOVORONEZH-5,PWR,950,Operational,REA,3/1/74,1974,4/30/80,5/31/80,2/20/81,,86.2
Russia,LENINGRAD-4,LWGR,925,Operational,REA,2/1/75,1975,12/29/80,2/9/81,8/29/81,,85.9
Russia,SMOLENSK-1,LWGR,925,Operational,REA,10/1/75,1975,9/10/82,12/9/82,9/30/83,,93.8
Russia,SMOLENSK-2,LWGR,925,Operational,REA,6/1/76,1976,4/9/85,5/31/85,7/2/85,,32.6
Russia,KOLA-4,PWR,411,Operational,REA,8/1/76,1976,10/7/84,10/11/84,12/6/84,,83.2
Russia,KALININ-1,PWR,950,Operational,REA,2/1/77,1977,4/10/84,5/9/84,6/12/85,,78.7
Russia,KOLA-3,PWR,411,Operational,REA,4/1/77,1977,2/7/81,3/24/81,12/3/82,,73.8
Russia,KURSK-3,LWGR,925,Operational,REA,4/1/78,1978,8/9/83,10/17/83,3/30/84,,87.2
Russia,BALAKOVO-1,PWR,950,Operational,REA,12/1/80,1980,12/12/85,12/28/85,5/23/86,,99.6
Russia,KURSK-4,LWGR,925,Operational,REA,5/1/81,1981,10/31/85,12/2/85,2/5/86,,74.8
Russia,BALAKOVO-2,PWR,950,Operational,REA,8/1/81,1981,10/2/87,10/8/87,1/18/88,,96.5
Russia,ROSTOV-1,PWR,950,Operational,REA,9/1/81,1981,2/23/01,3/30/01,12/25/01,,98.1
Russia,GORKIY (HEAT ONLY),BWR,0,Cancelled Constr.,REA,1/1/82,1982,,,,12/1/93,
Russia,KALININ-2,PWR,950,Operational,REA,2/1/82,1982,11/25/86,12/3/86,3/3/87,,97.6
Russia,BALAKOVO-3,PWR,950,Operational,REA,11/1/82,1982,12/16/88,12/25/88,4/8/89,,84.9
Russia,BASHKIRSK-1,PWR,950,Cancelled Constr.,REA,1/1/83,1983,,,,12/1/93,
Russia,VORONEZH (HEAT ONLY)-1,BWR,0,Suspended Constr.,REA,9/1/83,1983,,,,,
Russia,BASHKIRSK-2,PWR,950,Cancelled Constr.,REA,12/1/83,1983,,,,12/1/93,
Russia,ROSTOV-2,PWR,950,Operational,REA,5/1/83,1983,1/22/10,3/18/10,12/10/10,,92.8
Russia,SMOLENSK-4,LWGR,925,Cancelled Constr.,REA,10/1/84,1984,,,,12/1/93,
Russia,BALAKOVO-4,PWR,950,Operational,REA,4/1/84,1984,3/24/93,4/11/93,12/22/93,,89.1
Russia,SMOLENSK-3,LWGR,925,Operational,REA,5/1/84,1984,12/29/89,1/17/90,10/12/90,,95.2
Russia,VORONEZH (HEAT ONLY)-2,BWR,0,Suspended Constr.,REA,5/1/85,1985,,,,,
Russia,KALININ-3,PWR,950,Operational,REA,10/1/85,1985,11/25/04,12/16/04,11/8/05,,76.2
Russia,KURSK-5,LWGR,915,Cancelled Constr.,REA,12/1/85,1985,,,,8/15/12,
Russia,KURSK-6,LWGR,925,Cancelled Constr.,REA,8/1/86,1986,,,,12/1/93,
Russia,SOUTH URALSK-1,FBR,750,Suspended Constr.,REA,1/1/86,1986,,,,,
Russia,SOUTH URALSK-2,FBR,750,Suspended Constr.,REA,1/1/86,1986,,,,,
Russia,KALININ-4,PWR,950,Operational,REA,8/1/86,1986,11/8/11,11/24/11,12/25/12,,75.7
Russia,BALAKOVO-5,PWR,950,Suspended Constr.,REA,4/1/87,1987,,,,,
Russia,TATAR-1 (KAMA),PWR,950,Cancelled Constr.,REA,4/1/87,1987,,,,12/1/93,
Russia,BALAKOVO-6,PWR,950,Suspended Constr.,REA,5/1/88,1988,,,,,
Russia,TATAR-2 (KAMA),PWR,950,Cancelled Constr.,REA,5/1/88,1988,,,,12/1/93,
Russia,BELOYARSK-4,FBR,789,Under Construction,REA,7/18/06,2006,6/27/14,,12/31/15,,
Russia,AKADEMIK LOMONOSOV-1,PWR,32,Under Construction,REA,4/15/07,2007,,,12/31/19,,
Russia,AKADEMIK LOMONOSOV-2,PWR,32,Under Construction,REA,4/15/07,2007,,,12/31/19,,
Russia,NOVOVORONEZH 2-1,PWR,1114,Under Construction,REA,6/24/08,2008,,,12/31/15,,
Russia,LENINGRAD 2-1,PWR,1085,Under Construction,REA,10/25/08,2008,,,12/31/16,,
Russia,NOVOVORONEZH 2-2,PWR,1114,Under Construction,REA,7/12/09,2009,,,12/31/17,,
Russia,ROSTOV-3,PWR,1011,Under Construction,REA,9/15/09,2009,,,12/31/15,,
Russia,LENINGRAD 2-2,PWR,1085,Under Construction,REA,4/15/10,2010,,,12/31/18,,
Russia,ROSTOV-4,PWR,1011,Under Construction,REA,6/16/10,2010,,,12/31/18,,
Russia,BALTIC-1,PWR,1109,Under Construction,REA,2/22/12,2012,,12/31/18,12/1/19,,
Slovenia,KRSKO,PWR,688,Operational,NEK,3/30/75,1975,9/11/81,10/2/81,1/1/83,,83.5
South Africa,KOEBERG-1,PWR,930,Operational,ESKOM,7/1/76,1976,3/14/84,4/4/84,7/21/84,,68.1
South Africa,KOEBERG-2,PWR,930,Operational,ESKOM,7/1/76,1976,7/7/85,7/25/85,11/9/85,,99.8
South Korea,KORI-1,PWR,576,Operational,KHNP,4/27/72,1972,6/19/77,6/26/77,4/29/78,,49.9
South Korea,WOLSONG-1,PHWR,657,Operational,KHNP,10/30/77,1977,11/21/82,12/31/82,4/22/83,,100
South Korea,KORI-2,PWR,639,Operational,KHNP,12/4/77,1977,4/9/83,4/22/83,7/25/83,,80.3
South Korea,KORI-3,PWR,1011,Operational,KHNP,10/1/79,1979,1/1/85,1/22/85,9/30/85,,100
South Korea,KORI-4,PWR,1010,Operational,KHNP,4/1/80,1980,10/26/85,11/15/85,4/29/86,,75.4
South Korea,HANBIT-1,PWR,960,Operational,KHNP,6/4/81,1981,1/31/86,3/5/86,8/25/86,,81.8
South Korea,HANBIT-2,PWR,958,Operational,KHNP,12/10/81,1981,10/15/86,11/11/86,6/10/87,,73.2
South Korea,HANUL-1,PWR,960,Operational,KHNP,1/26/83,1983,2/25/88,4/7/88,9/10/88,,85.6
South Korea,HANUL-2,PWR,962,Operational,KHNP,7/5/83,1983,2/25/89,4/14/89,9/30/89,,88
South Korea,HANBIT-3,PWR,997,Operational,KHNP,12/23/89,1989,10/13/94,10/30/94,3/31/95,,54.3
South Korea,HANBIT-4,PWR,997,Operational,KHNP,5/26/90,1990,7/7/95,7/18/95,1/1/96,,86.8
South Korea,WOLSONG-2,PHWR,655,Operational,KHNP,6/22/92,1992,1/29/97,4/1/97,7/1/97,,82
South Korea,HANUL-3,PWR,994,Operational,KHNP,7/21/93,1993,12/21/97,1/6/98,8/11/98,,100
South Korea,HANUL-4,PWR,998,Operational,KHNP,11/1/93,1993,12/14/98,12/28/98,12/31/99,,37.8
South Korea,WOLSONG-3,PHWR,684,Operational,KHNP,3/17/94,1994,2/19/98,3/25/98,7/1/98,,90.5
South Korea,WOLSONG-4,PHWR,688,Operational,KHNP,7/22/94,1994,4/10/99,5/21/99,10/1/99,,88.5
South Korea,HANBIT-5,PWR,997,Operational,KHNP,6/29/97,1997,11/24/01,12/19/01,5/21/02,,94.3
South Korea,HANBIT-6,PWR,995,Operational,KHNP,11/20/97,1997,9/1/02,9/16/02,12/24/02,,98
South Korea,HANUL-5,PWR,996,Operational,KHNP,10/1/99,1999,11/28/03,12/18/03,7/29/04,,85.4
South Korea,HANUL-6,PWR,996,Operational,KHNP,9/29/00,2000,12/16/04,1/7/05,4/22/05,,99.9
South Korea,SHIN-KORI-1,PWR,1000,Operational,KHNP,6/16/06,2006,7/15/10,8/4/10,2/28/11,,26.5
South Korea,SHIN-KORI-2,PWR,1000,Operational,KHNP,6/5/07,2007,12/27/11,1/28/12,7/20/12,,40.6
South Korea,SHIN-WOLSONG-1,PWR,991,Operational,KHNP,11/20/07,2007,1/6/12,1/27/12,7/31/12,,37.9
South Korea,SHIN-WOLSONG-2,PWR,960,Under Construction,KHNP,9/23/08,2008,,,,,
South Korea,SHIN-KORI-3,PWR,1340,Under Construction,KHNP,10/16/08,2008,,,,,
South Korea,SHIN-KORI-4,PWR,1340,Under Construction,KHNP,8/19/09,2009,,,,,
South Korea,SHIN-HANUL-1,PWR,1340,Under Construction,KHNP,7/10/12,2012,,,6/30/16,,
South Korea,SHIN-HANUL-2,PWR,1340,Under Construction,KHNP,6/19/13,2013,,,6/30/17,,
Soviet Union,ARMENIAN-1,PWR,376,Permanent Shutdown,ANPPCJSC,7/1/69,1969,12/15/76,12/22/76,10/6/77,2/25/89,
Soviet Union,CHERNOBYL-1,LWGR,740,Permanent Shutdown,MTE,3/1/70,1970,8/2/77,9/26/77,5/27/78,11/30/96,
Soviet Union,CHERNOBYL-2,LWGR,925,Permanent Shutdown,MTE,2/1/73,1973,11/17/78,12/21/78,5/28/79,10/11/91,
Soviet Union,ROVNO-1,PWR,381,Operational,NNEGC,8/1/73,1973,12/17/80,12/22/80,9/22/81,,83.6
Soviet Union,ROVNO-2,PWR,376,Operational,NNEGC,10/1/73,1973,12/19/81,12/22/81,7/29/82,,88.6
Soviet Union,ARMENIAN-2,PWR,375,Operational,ANPPCJSC,7/1/75,1975,1/1/80,1/5/80,5/3/80,,66.4
Soviet Union,CHERNOBYL-3,LWGR,925,Permanent Shutdown,MTE,3/1/76,1976,6/2/81,12/3/81,6/8/82,12/15/00,
Soviet Union,SOUTH United KingdomRAINE-1,PWR,950,Operational,NNEGC,8/1/76,1976,12/9/82,12/31/82,12/2/83,,20.6
Soviet Union,IGNALINA-1,LWGR,1185,Permanent Shutdown,INPP,5/1/77,1977,10/4/83,12/31/83,5/1/85,12/31/04,
Soviet Union,IGNALINA-2,LWGR,1185,Permanent Shutdown,INPP,1/1/78,1978,12/1/86,8/20/87,12/1/87,12/31/09,
Soviet Union,CHERNOBYL-4,LWGR,925,Permanent Shutdown,MTE,4/1/79,1979,11/26/83,12/22/83,3/26/84,4/26/86,
Soviet Union,ROVNO-3,PWR,950,Operational,NNEGC,2/1/80,1980,11/11/86,12/21/86,5/16/87,,81.2
Soviet Union,ZAPOROZHYE-1,PWR,950,Operational,NNEGC,4/1/80,1980,12/7/84,12/10/84,12/25/85,,72.5
Soviet Union,ZAPOROZHYE-2,PWR,950,Operational,NNEGC,1/1/81,1981,6/28/85,7/22/85,2/15/86,,97.3
Soviet Union,SOUTH United KingdomRAINE-2,PWR,950,Operational,NNEGC,7/1/81,1981,12/30/84,1/6/85,4/6/85,,75.6
Soviet Union,KHMELNITSKI-1,PWR,950,Operational,NNEGC,11/1/81,1981,12/10/87,12/31/87,8/13/88,,87.5
Soviet Union,ZAPOROZHYE-3,PWR,950,Operational,NNEGC,4/1/82,1982,12/4/86,12/10/86,3/5/87,,83.6
Soviet Union,ZAPOROZHYE-4,PWR,950,Operational,NNEGC,4/1/83,1983,12/15/87,12/18/87,4/14/88,,84.2
Soviet Union,SOUTH United KingdomRAINE-3,PWR,950,Operational,NNEGC,11/1/84,1984,9/2/89,9/20/89,12/29/89,,75.6
Soviet Union,KHMELNITSKI-2,PWR,950,Operational,NNEGC,2/1/85,1985,8/1/04,8/7/04,12/15/05,,84.3
Soviet Union,IGNALINA-3,LWGR,1380,Cancelled Constr.,INPP,6/1/85,1985,,,,8/30/88,
Soviet Union,ZAPOROZHYE-5,PWR,950,Operational,NNEGC,11/1/85,1985,7/20/89,8/14/89,10/27/89,,83
Soviet Union,KHMELNITSKI-3,PWR,950,Under Construction,NNEGC,3/1/86,1986,,1/1/15,,,
Soviet Union,ZAPOROZHYE-6,PWR,950,Operational,NNEGC,6/1/86,1986,10/6/95,10/19/95,9/17/96,,77.2
Soviet Union,ROVNO-4,PWR,950,Operational,NNEGC,8/1/86,1986,9/26/04,10/10/04,4/6/06,,84.7
Soviet Union,KHMELNITSKI-4,PWR,950,Under Construction,NNEGC,2/1/87,1987,,1/1/16,,,
Spain,JOSE CABRERA-1,PWR,141,Permanent Shutdown,UFG,6/24/64,1964,6/30/68,7/14/68,8/13/69,4/30/06,
Spain,SANTA MARIA DE GARONA,BWR,446,Operational,NUCLENOR,9/1/66,1966,11/5/70,3/2/71,5/11/71,,0
Spain,VANDELLOS-1,GCR,480,Permanent Shutdown,HIFRENSA,6/21/68,1968,2/11/72,5/6/72,8/2/72,7/31/90,
Spain,ALMARAZ-1,PWR,1011,Operational,CNAT,7/3/73,1973,4/5/81,5/1/81,9/1/83,,88.3
Spain,ALMARAZ-2,PWR,1006,Operational,CNAT,7/3/73,1973,9/19/83,10/8/83,7/1/84,,85.9
Spain,LEMONIZ-1,PWR,883,Cancelled Constr.,ID,3/14/74,1974,,,,4/1/84,
Spain,LEMONIZ-2,PWR,883,Cancelled Constr.,ID,3/14/74,1974,,,,4/1/84,
Spain,ASCO-1,PWR,995,Operational,ANAV,5/16/74,1974,6/16/83,8/13/83,12/10/84,,99.9
Spain,ASCO-2,PWR,997,Operational,ANAV,3/7/75,1975,9/11/85,10/23/85,3/31/86,,84.3
Spain,COFRENTES,BWR,1064,Operational,ID,9/9/75,1975,8/23/84,10/14/84,3/11/85,,88
Spain,TRILLO-1,PWR,1003,Operational,CNAT,8/17/79,1979,5/14/88,5/23/88,8/6/88,,86.6
Spain,VALDECABALLEROS-1,BWR,939,Cancelled Constr.,ID/CSE,8/17/79,1979,,,,4/1/84,
Spain,VALDECABALLEROS-2,BWR,939,Cancelled Constr.,ID/CSE,8/17/79,1979,,,,4/1/84,
Spain,VANDELLOS-2,PWR,1045,Operational,ANAV,12/29/80,1980,11/14/87,12/12/87,3/8/88,,85.8
Sweden,AGESTA,PHWR,10,Permanent Shutdown,BKAB,12/1/57,1957,7/17/63,5/1/64,5/1/64,6/2/74,
Sweden,OSKARSHAMN-1,BWR,473,Operational,OKG,8/1/66,1966,12/12/70,8/19/71,2/6/72,,14.3
Sweden,RINGHALS-1,BWR,878,Operational,RAB,2/1/69,1969,8/20/73,10/14/74,1/1/76,,80.6
Sweden,OSKARSHAMN-2,BWR,638,Operational,OKG,9/1/69,1969,3/6/74,10/2/74,1/1/75,,32.7
Sweden,RINGHALS-2,PWR,807,Operational,RAB,10/1/70,1970,6/19/74,8/17/74,5/1/75,,86.4
Sweden,BARSEBACK-1,BWR,600,Permanent Shutdown,BKAB,2/1/71,1971,1/18/75,5/15/75,7/1/75,11/30/99,
Sweden,RINGHALS-3,PWR,1062,Operational,RAB,9/1/72,1972,7/29/80,9/7/80,9/9/81,,77
Sweden,BARSEBACK-2,BWR,600,Permanent Shutdown,BKAB,1/1/73,1973,2/20/77,3/21/77,7/1/77,5/31/05,
Sweden,FORSMARK-1,BWR,984,Operational,FKA,6/1/73,1973,4/23/80,6/6/80,12/10/80,,87.8
Sweden,RINGHALS-4,PWR,938,Operational,RAB,11/1/73,1973,5/19/82,6/23/82,11/21/83,,91.4
Sweden,FORSMARK-2,BWR,1120,Operational,FKA,1/1/75,1975,11/16/80,1/26/81,7/7/81,,91.9
Sweden,FORSMARK-3,BWR,1170,Operational,FKA,1/1/79,1979,10/28/84,3/5/85,8/18/85,,88.6
Sweden,OSKARSHAMN-3,BWR,1400,Operational,OKG,5/1/80,1980,12/29/84,3/3/85,8/15/85,,78.8
Switzerland,LUCENS,HWGCR,6,Permanent Shutdown,EOS,4/1/62,1962,12/29/66,1/29/68,,1/21/69,
Switzerland,BEZNAU-1,PWR,365,Operational,Axpo AG,9/1/65,1965,6/30/69,7/17/69,9/1/69,,96.6
Switzerland,MUEHLEBERG,BWR,373,Operational,BKW,3/1/67,1967,3/8/71,7/1/71,11/6/72,,89.5
Switzerland,BEZNAU-2,PWR,365,Operational,Axpo AG,1/1/68,1968,10/16/71,10/23/71,12/1/71,,90.8
Switzerland,GOESGEN,PWR,985,Operational,KKG,12/1/73,1973,1/20/79,2/2/79,11/1/79,,73.4
Switzerland,LEIBSTADT,BWR,1220,Operational,KKL,1/1/74,1974,3/9/84,5/24/84,12/15/84,,92.2
Thailand,EGAT Nuclear Power Plant #1,LWR,1000,,,2020,,,,2026,,
Thailand,EGAT Nuclear Power Plant #2,LWR,1000,,,2021,,,,2027,,
Tunisia,To be defined,,700-1000,,,2016,,,,2023,,
Tunisia,To be defined,,700-1000,,,2024,,,,2030,,
Turkey,Akkuyu NPP Ð 1,VVER-1200,1200,,,2016,,,,2020,,
Turkey,Akkuyu NPP Ð 2,VVER-1200,1200,,,2017,,,,2021,,
Turkey,Akkuyu NPP Ð 3,VVER-1200,1200,,,2018,,,,2022,,
Turkey,Akkuyu NPP Ð 4,VVER-1200,1200,,,2019,,,,2023,,
Turkey,Sinop NPP - 1,ATMEA-1,1120,,,2019,,,,2023,,
Turkey,Sinop NPP - 2,ATMEA-1,1120,,,2020,,,,2024,,
Turkey,Sinop NPP - 3,ATMEA-1,1120,,,2023,,,,2027,,
Turkey,Sinop NPP - 4,ATMEA-1,1120,,,2024,,,,2028,,
Ukraine,CHERNOBYL-5,LWGR,950,Cancelled Constr.,MINENERG,1/1/81,1981,,,,1/1/88,
Ukraine,CRIMEA-1,PWR,0,Cancelled Constr.,MINENERG,12/1/82,1982,,,,1/1/89,
Ukraine,CHERNOBYL-6,LWGR,950,Cancelled Constr.,MINENERG,1/1/83,1983,,,,1/1/88,
Ukraine,SOUTH United KingdomRAINE-4,PWR,950,Suspended Constr.,NNEGC,1/1/87,1987,,,,,
United Arab Emirates,BARAKAH-1,PWR,1345,Under Construction,ENEC,7/18/12,2012,10/2/16,11/2/16,6/2/17,,
United Arab Emirates,BARAKAH-2,PWR,1345,Under Construction,ENEC,5/28/13,2013,10/2/17,11/2/17,,,
United Arab Emirates,BARAKAH-3,PWR,1345,Under Construction,ENEC,9/24/14,2014,10/1/18,11/1/18,,,
United Kingdom,CALDER HALL-1,GCR,49,Permanent Shutdown,SL,8/1/53,1953,5/1/56,8/27/56,10/1/56,3/31/03,
United Kingdom,CALDER HALL-2,GCR,49,Permanent Shutdown,SL,8/1/53,1953,12/1/56,2/1/57,2/1/57,3/31/03,
United Kingdom,DOUNREAY DFR,FBR,11,Permanent Shutdown,United KingdomAEA,3/1/55,1955,11/14/59,10/1/62,10/1/62,3/1/77,
United Kingdom,CALDER HALL-3,GCR,49,Permanent Shutdown,SL,8/1/55,1955,1/1/58,3/1/58,5/1/58,3/31/03,
United Kingdom,CALDER HALL-4,GCR,49,Permanent Shutdown,SL,8/1/55,1955,12/1/58,4/1/59,4/1/59,3/31/03,
United Kingdom,CHAPELCROSS-1,GCR,48,Permanent Shutdown,ML,10/1/55,1955,11/9/58,2/1/59,3/1/59,6/29/04,
United Kingdom,CHAPELCROSS-2,GCR,48,Permanent Shutdown,ML,10/1/55,1955,5/30/59,7/1/59,8/1/59,6/29/04,
United Kingdom,CHAPELCROSS-3,GCR,48,Permanent Shutdown,ML,10/1/55,1955,8/31/59,11/1/59,12/1/59,6/29/04,
United Kingdom,CHAPELCROSS-4,GCR,48,Permanent Shutdown,ML,10/1/55,1955,12/22/59,1/1/60,3/1/60,6/29/04,
United Kingdom,BERKELEY-1,GCR,138,Permanent Shutdown,ML,1/1/57,1957,8/1/61,6/12/62,6/12/62,3/31/89,
United Kingdom,BERKELEY-2,GCR,138,Permanent Shutdown,ML,1/1/57,1957,3/1/62,6/24/62,10/20/62,10/26/88,
United Kingdom,BRADWELL-1,GCR,123,Permanent Shutdown,ML,1/1/57,1957,8/1/61,7/1/62,7/1/62,3/31/02,
United Kingdom,BRADWELL-2,GCR,123,Permanent Shutdown,ML,1/1/57,1957,4/1/62,7/6/62,11/12/62,3/30/02,
United Kingdom,HUNTERSTON A-1,GCR,150,Permanent Shutdown,ML,10/1/57,1957,8/1/63,2/5/64,2/5/64,3/30/90,
United Kingdom,HUNTERSTON A-2,GCR,150,Permanent Shutdown,ML,10/1/57,1957,3/1/64,6/1/64,7/1/64,12/31/89,
United Kingdom,HINKLEY POINT A-1,GCR,235,Permanent Shutdown,ML,11/1/57,1957,5/1/64,2/16/65,3/30/65,5/23/00,
United Kingdom,HINKLEY POINT A-2,GCR,235,Permanent Shutdown,ML,11/1/57,1957,10/1/64,3/19/65,5/5/65,5/23/00,
United Kingdom,WINDSCALE AGR,GCR,24,Permanent Shutdown,United KingdomAEA,11/1/58,1958,8/9/62,2/1/63,3/1/63,4/3/81,
United Kingdom,TRAWSFYNYDD-1,GCR,195,Permanent Shutdown,ML,7/1/59,1959,9/1/64,1/14/65,3/24/65,2/6/91,
United Kingdom,TRAWSFYNYDD-2,GCR,195,Permanent Shutdown,ML,7/1/59,1959,12/1/64,2/2/65,3/24/65,2/4/91,
United Kingdom,DUNGENESS A-1,GCR,225,Permanent Shutdown,ML,7/1/60,1960,6/1/65,9/21/65,10/28/65,12/31/06,
United Kingdom,DUNGENESS A-2,GCR,225,Permanent Shutdown,ML,7/1/60,1960,9/1/65,11/1/65,12/30/65,12/31/06,
United Kingdom,SIZEWELL A-1,GCR,210,Permanent Shutdown,ML,4/1/61,1961,6/1/65,1/21/66,3/25/66,12/31/06,
United Kingdom,SIZEWELL A-2,GCR,210,Permanent Shutdown,ML,4/1/61,1961,12/1/65,4/9/66,9/15/66,12/31/06,
United Kingdom,OLDBURY A-1,GCR,217,Permanent Shutdown,ML,5/1/62,1962,8/1/67,11/7/67,12/31/67,2/29/12,
United Kingdom,OLDBURY A-2,GCR,217,Permanent Shutdown,ML,5/1/62,1962,12/1/67,4/6/68,9/30/68,6/30/11,
United Kingdom,WINFRITH SGHWR,SGHWR,92,Permanent Shutdown,United KingdomAEA,5/1/63,1963,9/1/67,12/1/67,1/1/68,9/11/90,
United Kingdom,WYLFA-1,GCR,490,Operational,ML,9/1/63,1963,11/1/69,1/24/71,11/1/71,,85
United Kingdom,WYLFA-2,GCR,490,Permanent Shutdown,ML,9/1/63,1963,9/1/70,7/21/71,1/3/72,4/25/12,
United Kingdom,DUNGENESS B-1,GCR,520,Operational,EDF United Kingdom,10/1/65,1965,12/23/82,4/3/83,4/1/85,,69.5
United Kingdom,DUNGENESS B-2,GCR,520,Operational,EDF United Kingdom,10/1/65,1965,12/4/85,12/29/85,4/1/89,,44.9
United Kingdom,DOUNREAY PFR,FBR,234,Permanent Shutdown,United KingdomAEA,1/1/66,1966,3/1/74,1/10/75,7/1/76,3/31/94,
United Kingdom,HINKLEY POINT B-1,GCR,435,Operational,EDF United Kingdom,9/1/67,1967,9/24/76,10/30/76,10/2/78,,94.7
United Kingdom,HINKLEY POINT B-2,GCR,435,Operational,EDF United Kingdom,9/1/67,1967,2/1/76,2/5/76,9/27/76,,90.5
United Kingdom,HUNTERSTON B-1,GCR,460,Operational,EDF United Kingdom,11/1/67,1967,1/31/76,2/6/76,2/6/76,,96.3
United Kingdom,HUNTERSTON B-2,GCR,430,Operational,EDF United Kingdom,11/1/67,1967,3/27/77,3/31/77,3/31/77,,83.4
United Kingdom,HARTLEPOOL A-1,GCR,595,Operational,EDF United Kingdom,10/1/68,1968,6/24/83,8/1/83,4/1/89,,76.9
United Kingdom,HARTLEPOOL A-2,GCR,585,Operational,EDF United Kingdom,10/1/68,1968,9/9/84,10/31/84,4/1/89,,59.2
United Kingdom,HEYSHAM A-1,GCR,585,Operational,EDF United Kingdom,12/1/70,1970,4/6/83,7/9/83,4/1/89,,56.6
United Kingdom,HEYSHAM A-2,GCR,575,Operational,EDF United Kingdom,12/1/70,1970,6/3/84,10/11/84,4/1/89,,81.3
United Kingdom,HEYSHAM B-1,GCR,610,Operational,EDF United Kingdom,8/1/80,1980,6/23/88,7/12/88,4/1/89,,87.7
United Kingdom,HEYSHAM B-2,GCR,610,Operational,EDF United Kingdom,8/1/80,1980,11/1/88,11/11/88,4/1/89,,75.2
United Kingdom,TORNESS-1,GCR,595,Operational,EDF United Kingdom,8/1/80,1980,3/25/88,5/25/88,5/25/88,,93.8
United Kingdom,TORNESS-2,GCR,595,Operational,EDF United Kingdom,8/1/80,1980,12/23/88,2/3/89,2/3/89,,91.8
United Kingdom,SIZEWELL B,PWR,1191,Operational,EDF United Kingdom,7/18/88,1988,1/31/95,2/14/95,9/22/95,,83
United States,SHIPPINGPORT,PWR,60,Permanent Shutdown,DOE DUQU,1/1/54,1954,1/1/57,12/2/57,5/26/58,10/1/82,
United States,GE VALLECITOS,BWR,24,Permanent Shutdown,GE,1/1/56,1956,8/3/57,10/19/57,10/19/57,12/9/63,
United States,DRESDEN-1,BWR,197,Permanent Shutdown,EXELON,5/1/56,1956,10/15/59,4/15/60,7/4/60,10/31/78,
United States,INDIAN POINT-1,PWR,257,Permanent Shutdown,ENTERGY,5/1/56,1956,8/2/62,9/16/62,10/1/62,10/31/74,
United States,FERMI-1,FBR,61,Permanent Shutdown,DTEDISON,12/1/56,1956,8/23/63,8/5/66,,11/29/72,
United States,YANKEE NPS,PWR,167,Permanent Shutdown,YAEC,11/1/57,1957,8/19/60,11/10/60,7/1/61,10/1/91,
United States,ELK RIVER,BWR,22,Permanent Shutdown,RCPA,1/1/59,1959,11/1/62,8/24/63,7/1/64,2/1/68,
United States,HALLAM,X,75,Permanent Shutdown,AEC/NPPD,1/1/59,1959,1/1/63,9/1/63,11/1/63,9/1/64,
United States,PATHFINDER,BWR,59,Permanent Shutdown,NMC,1/1/59,1959,1/1/64,7/25/66,,10/1/67,
United States,BONUS,BWR,17,Permanent Shutdown,DOE/PRWR,1/1/60,1960,4/13/64,8/14/64,9/1/65,6/1/68,
United States,CVTR,PHWR,17,Permanent Shutdown,CVPA,1/1/60,1960,3/1/63,12/18/63,,1/10/67,
United States,PIQUA,X,12,Permanent Shutdown,CofPiqua,1/1/60,1960,1/1/61,7/1/63,11/1/63,1/1/66,
United States,SAXTON,PWR,3,Permanent Shutdown,SNEC,1/1/60,1960,1/1/67,3/1/67,3/1/67,5/1/72,
United States,BIG ROCK POINT,BWR,67,Permanent Shutdown,CPC,5/1/60,1960,9/27/62,12/8/62,3/29/63,8/29/97,
United States,HUMBOLDT BAY,BWR,63,Permanent Shutdown,PG&E,11/1/60,1960,2/16/63,4/18/63,8/1/63,7/2/76,
United States,PEACH BOTTOM-1,HTGR,40,Permanent Shutdown,EXELON,2/1/62,1962,3/3/66,1/27/67,6/1/67,11/1/74,
United States,LACROSSE,BWR,48,Permanent Shutdown,DPC,3/1/63,1963,7/11/67,4/26/68,11/7/69,4/30/87,
United States,HADDAM NECK,PWR,560,Permanent Shutdown,CYAPC,5/1/64,1964,7/24/67,8/7/67,1/1/68,12/5/96,
United States,SAN ONOFRE-1,PWR,436,Permanent Shutdown,SCE,5/1/64,1964,6/14/67,7/16/67,1/1/68,11/30/92,
United States,OYSTER CREEK,BWR,619,Operational,EXELON,12/15/64,1964,5/3/69,9/23/69,12/1/69,,95
United States,NINE MILE POINT-1,BWR,621,Operational,EXELON,4/12/65,1965,9/5/69,11/9/69,12/1/69,,90.6
United States,DRESDEN-2,BWR,883,Operational,EXELON,1/10/66,1966,1/7/70,4/13/70,6/9/70,,94.4
United States,GINNA,PWR,580,Operational,EXELON,4/25/66,1966,11/8/69,12/2/69,7/1/70,,98.9
United States,MILLSTONE-1,BWR,641,Permanent Shutdown,DOMINION,5/1/66,1966,10/26/70,11/29/70,3/1/71,7/1/98,
United States,DRESDEN-3,BWR,867,Operational,EXELON,10/14/66,1966,1/12/71,7/22/71,11/16/71,,98.1
United States,INDIAN POINT-2,PWR,1020,Operational,ENTERGY,10/14/66,1966,5/22/73,6/26/73,8/1/74,,99
United States,QUAD CITIES-1,BWR,908,Operational,EXELON,2/15/67,1967,10/18/71,4/12/72,2/18/73,,92.2
United States,QUAD CITIES-2,BWR,911,Operational,EXELON,2/15/67,1967,4/26/72,5/23/72,3/10/73,,99.6
United States,PALISADES,PWR,793,Operational,ENTERGY,3/14/67,1967,5/24/71,12/31/71,12/31/71,,86.4
United States,ROBINSON-2,PWR,741,Operational,PROGRESS,4/13/67,1967,9/20/70,9/26/70,3/7/71,,85
United States,TURKEY POINT-3,PWR,802,Operational,FPL,4/27/67,1967,10/20/72,11/2/72,12/14/72,,90.7
United States,TURKEY POINT-4,PWR,802,Operational,FPL,4/27/67,1967,6/11/73,6/21/73,9/7/73,,73.4
United States,BROWNS FERRY-1,BWR,1101,Operational,TVA,5/1/67,1967,8/17/73,10/15/73,8/1/74,,97.2
United States,BROWNS FERRY-2,BWR,1104,Operational,TVA,5/1/67,1967,7/20/74,8/28/74,3/1/75,,85.9
United States,MONTICELLO,BWR,578,Operational,NSP,6/19/67,1967,12/10/70,3/5/71,6/30/71,,61.9
United States,POINT BEACH-1,PWR,591,Operational,NEXTERA,7/19/67,1967,11/2/70,11/6/70,12/21/70,,91.1
United States,OCONEE-1,PWR,846,Operational,DUnited KingdomEENER,11/6/67,1967,4/19/73,5/6/73,7/15/73,,94.3
United States,OCONEE-2,PWR,846,Operational,DUnited KingdomEENER,11/6/67,1967,11/11/73,12/5/73,9/9/74,,85.1
United States,OCONEE-3,PWR,846,Operational,DUnited KingdomEENER,11/6/67,1967,9/5/74,9/18/74,12/16/74,,99.3
United States,VERMONT YANKEE,BWR,605,Operational,ENTERGY,12/11/67,1967,3/24/72,9/20/72,11/30/72,,92.7
United States,PEACH BOTTOM-2,BWR,1125,Operational,EXELON,1/31/68,1968,9/16/73,2/18/74,7/5/74,,100
United States,PEACH BOTTOM-3,BWR,1138,Operational,EXELON,1/31/68,1968,8/7/74,9/1/74,12/23/74,,87.4
United States,DIABLO CANYON-1,PWR,1122,Operational,PG&E,4/23/68,1968,4/29/84,11/11/84,5/7/85,,98.2
United States,THREE MILE ISLAND-1,PWR,819,Operational,EXELON,5/18/68,1968,6/5/74,6/19/74,9/2/74,,92.1
United States,CALVERT CLIFFS-1,PWR,866,Operational,EXELON,6/1/68,1968,10/7/74,1/3/75,5/8/75,,100
United States,CALVERT CLIFFS-2,PWR,850,Operational,EXELON,6/1/68,1968,11/30/76,12/7/76,4/1/77,,87.4
United States,COOPER,BWR,768,Operational,ENTERGY,6/1/68,1968,2/21/74,5/10/74,7/1/74,,100
United States,FORT CALHOUN-1,PWR,482,Operational,OPPD,6/7/68,1968,8/6/73,8/25/73,9/26/73,,2.8
United States,PRAIRIE ISLAND-1,PWR,522,Operational,NSP,6/25/68,1968,12/1/73,12/4/73,12/16/73,,99.7
United States,SURRY-1,PWR,838,Operational,DOMINION,6/25/68,1968,7/1/72,7/4/72,12/22/72,,91.1
United States,SURRY-2,PWR,838,Operational,DOMINION,6/25/68,1968,3/7/73,3/10/73,5/1/73,,100
United States,BROWNS FERRY-3,BWR,1105,Operational,TVA,7/1/68,1968,8/8/76,9/12/76,3/1/77,,96.4
United States,POINT BEACH-2,PWR,591,Operational,NEXTERA,7/25/68,1968,5/30/72,8/2/72,10/1/72,,100
United States,KEWAUNEE,PWR,566,Permanent Shutdown,DOMINION,8/6/68,1968,3/7/74,4/8/74,6/16/74,5/7/13,100
United States,PILGRIM-1,BWR,677,Operational,ENTERGY,8/26/68,1968,6/16/72,7/19/72,12/1/72,,81.2
United States,FITZPATRICK,BWR,813,Operational,ENTERGY,9/1/68,1968,11/17/74,2/1/75,7/28/75,,97.7
United States,FORT ST. VRAIN,HTGR,330,Permanent Shutdown,PSCC,9/1/68,1968,1/31/74,12/11/76,7/1/79,8/29/89,
United States,SALEM-1,PWR,1168,Operational,PSEG,9/25/68,1968,12/11/76,12/25/76,6/30/77,,87.8
United States,SALEM-2,PWR,1158,Operational,PSEG,9/25/68,1968,8/8/80,6/3/81,10/13/81,,100
United States,CRYSTAL RIVER-3,PWR,860,Permanent Shutdown,PROGRESS,9/25/68,1968,1/14/77,1/30/77,3/13/77,2/5/13,0
United States,HATCH-1,BWR,876,Operational,SOUTHERN,9/30/68,1968,9/12/74,11/11/74,12/31/75,,94.2
United States,ANO-1,PWR,836,Operational,ENTERGY,10/1/68,1968,8/6/74,8/17/74,12/19/74,,61.8
United States,MAINE YANKEE,PWR,860,Permanent Shutdown,MYAPC,10/1/68,1968,10/23/72,11/8/72,12/28/72,8/1/97,
United States,INDIAN POINT-3,PWR,1040,Operational,ENTERGY,11/1/68,1968,4/6/76,4/27/76,8/30/76,,91.6
United States,ZION-1,PWR,1040,Permanent Shutdown,EXELON,12/1/68,1968,6/19/73,6/28/73,12/31/73,2/13/98,
United States,ZION-2,PWR,1040,Permanent Shutdown,EXELON,12/1/68,1968,12/24/73,12/26/73,9/17/74,2/13/98,
United States,ANO-2,PWR,993,Operational,ENTERGY,12/6/68,1968,12/5/78,12/26/78,3/26/80,,86
United States,COOK-1,PWR,1030,Operational,AEP,3/25/69,1969,1/18/75,2/10/75,8/28/75,,85.3
United States,COOK-2,PWR,1077,Operational,AEP,3/25/69,1969,3/10/78,3/22/78,7/1/78,,88
United States,RANCHO SECO-1,PWR,873,Permanent Shutdown,SMUD,4/1/69,1969,9/16/74,10/13/74,4/17/75,6/7/89,
United States,PRAIRIE ISLAND-2,PWR,518,Operational,NSP,6/25/69,1969,12/17/74,12/21/74,12/21/74,,72.1
United States,MILLSTONE-2,PWR,869,Operational,DOMINION,11/1/69,1969,10/17/75,11/9/75,12/26/75,,99.4
United States,THREE MILE ISLAND-2,PWR,880,Permanent Shutdown,GPU,11/1/69,1969,3/27/78,4/21/78,12/30/78,3/28/79,
United States,TROJAN,PWR,1095,Permanent Shutdown,PORTGE,2/1/70,1970,12/15/75,12/23/75,5/20/76,11/9/92,
United States,BRUNSWICK-1,BWR,938,Operational,PROGRESS,2/7/70,1970,10/8/76,12/4/76,3/18/77,,96.8
United States,BRUNSWICK-2,BWR,920,Operational,PROGRESS,2/7/70,1970,3/20/75,4/29/75,11/3/75,,80.6
United States,SEQUOYAH-1,PWR,1152,Operational,TVA,5/27/70,1970,7/5/80,7/22/80,7/1/81,,89.4
United States,SEQUOYAH-2,PWR,1125,Operational,TVA,5/27/70,1970,11/5/81,12/23/81,6/1/82,,97.2
United States,DUANE ARNOLD-1,BWR,601,Operational,NEXTERA,6/22/70,1970,3/23/74,5/19/74,2/1/75,,100
United States,BEAVER VALLEY-1,PWR,921,Operational,FENOC,6/26/70,1970,5/10/76,6/14/76,10/1/76,,89.4
United States,ST. LUCIE-1,PWR,982,Operational,FPL,7/1/70,1970,4/22/76,5/7/76,12/21/76,,81.1
United States,DAVIS BESSE-1,PWR,894,Operational,FENOC,9/1/70,1970,8/12/77,8/28/77,7/31/78,,96.5
United States,FARLEY-1,PWR,874,Operational,SOUTHERN,10/1/70,1970,8/9/77,8/18/77,12/1/77,,91.7
United States,FARLEY-2,PWR,883,Operational,SOUTHERN,10/1/70,1970,5/5/81,5/25/81,7/30/81,,92.9
United States,DIABLO CANYON-2,PWR,1118,Operational,PG&E,12/9/70,1970,8/19/85,10/20/85,3/13/86,,85.6
United States,NORTH ANNA-1,PWR,943,Operational,DOMINION,2/19/71,1971,4/5/78,4/17/78,6/6/78,,90.4
United States,NORTH ANNA-2,PWR,943,Operational,DOMINION,2/19/71,1971,6/12/80,8/25/80,12/14/80,,87.2
United States,MCGUIRE-1,PWR,1158,Operational,DUnited KingdomEENER,4/1/71,1971,8/8/81,9/12/81,12/1/81,,88.7
United States,MCGUIRE-2,PWR,1158,Operational,DUnited KingdomEENER,4/1/71,1971,5/8/83,5/23/83,3/1/84,,100
United States,NORTH ANNA-3C,PWR,907,Cancelled Constr.,VEPCO,6/1/71,1971,,,,11/1/82,
United States,NORTH ANNA-4C,PWR,907,Cancelled Constr.,VEPCO,12/1/71,1971,,,,11/1/80,
United States,HATCH-2,BWR,883,Operational,SOUTHERN,2/1/72,1972,7/4/78,9/22/78,9/5/79,,88.2
United States,COLUMBIA,BWR,1107,Operational,ENERGYNW,8/1/72,1972,1/19/84,5/27/84,12/13/84,,87.7
United States,FERMI-2,BWR,1037,Operational,DTEDISON,9/26/72,1972,6/21/85,9/21/86,1/23/88,,92
United States,ZIMMER-1,BWR,810,Cancelled Constr.,CG&E,10/1/72,1972,,,,1/1/84,
United States,SHOREHAM,BWR,820,Permanent Shutdown,LIPA,11/1/72,1972,2/1/85,8/1/86,,5/1/89,
United States,WATTS BAR-2,PWR,1165,Under Construction,TVA,12/1/72,1972,,8/1/15,,,
United States,WATTS BAR-1,PWR,1123,Operational,TVA,1/23/73,1973,1/1/96,2/6/96,5/27/96,,100
United States,MIDLAND-1,PWR,491,Cancelled Constr.,CPC,3/1/73,1973,,,,7/1/86,
United States,MIDLAND-2,PWR,816,Cancelled Constr.,CPC,3/1/73,1973,,,,7/1/86,
United States,SUMMER-1,PWR,971,Operational,SCE&G,3/21/73,1973,10/22/82,11/16/82,1/1/84,,97
United States,FORKED RIVER,PWR,1070,Cancelled Constr.,JCPL,8/1/73,1973,,,,11/1/80,
United States,LASALLE-1,BWR,1137,Operational,EXELON,9/10/73,1973,6/21/82,9/4/82,1/1/84,,100
United States,LASALLE-2,BWR,1140,Operational,EXELON,9/10/73,1973,3/10/84,4/20/84,10/19/84,,92.9
United States,SUSQUEHANNA-1,BWR,1257,Operational,PPL_SUSQ,11/2/73,1973,9/10/82,11/16/82,6/8/83,,89.7
United States,SUSQUEHANNA-2,BWR,1257,Operational,PPL_SUSQ,11/2/73,1973,5/8/84,7/3/84,2/12/85,,82.8
United States,BAILLY,BWR,660,Cancelled Constr.,NIPS,1/1/74,1974,,,,8/1/81,
United States,SURRY-3,PWR,859,Cancelled Constr.,VEPCO,1/1/74,1974,,,,3/1/77,
United States,SURRY-4,PWR,859,Cancelled Constr.,VEPCO,1/1/74,1974,,,,3/1/77,
United States,SAN ONOFRE-2,PWR,1070,Permanent Shutdown,SCE,3/1/74,1974,7/26/82,9/20/82,8/8/83,6/7/13,0
United States,SAN ONOFRE-3,PWR,1080,Permanent Shutdown,SCE,3/1/74,1974,8/29/83,9/25/83,4/1/84,6/7/13,0
United States,CATAWBA-1,PWR,1146,Operational,DUnited KingdomEENER,5/1/74,1974,1/7/85,1/22/85,6/29/85,,100
United States,CATAWBA-2,PWR,1146,Operational,DUnited KingdomEENER,5/1/74,1974,5/8/86,5/18/86,8/19/86,,90.7
United States,GRAND GULF-2,BWR,1250,Cancelled Constr.,MP&L,5/1/74,1974,,,,12/1/90,
United States,BEAVER VALLEY-2,PWR,885,Operational,FENOC,5/3/74,1974,8/4/87,8/17/87,11/17/87,,96.6
United States,GRAND GULF-1,BWR,1419,Operational,ENTERGY,5/4/74,1974,8/18/82,10/20/84,7/1/85,,91.2
United States,LIMERICK-1,BWR,1130,Operational,EXELON,6/19/74,1974,12/22/84,4/13/85,2/1/86,,100
United States,LIMERICK-2,BWR,1134,Operational,EXELON,6/19/74,1974,8/12/89,9/1/89,1/8/90,,93
United States,MILLSTONE-3,PWR,1218,Operational,DOMINION,8/9/74,1974,1/23/86,2/12/86,4/23/86,,89
United States,BELLEFONTE-1,PWR,1235,Suspended Constr.,TVA,9/1/74,1974,,,,,
United States,BELLEFONTE-2,PWR,1235,Suspended Constr.,TVA,9/1/74,1974,,,,,
United States,PERRY-1,BWR,1256,Operational,FENOC,10/1/74,1974,6/6/86,12/19/86,11/18/87,,79.9
United States,PERRY-2,BWR,1205,Cancelled Constr.,CEI,10/1/74,1974,,,,4/1/84,
United States,WATERFORD-3,PWR,1168,Operational,ENTERGY,11/14/74,1974,3/4/85,3/18/85,9/24/85,,93.3
United States,COMANCHE PEAK-1,PWR,1209,Operational,LUMINANT,12/19/74,1974,4/3/90,4/24/90,8/13/90,,93.7
United States,COMANCHE PEAK-2,PWR,1197,Operational,LUMINANT,12/19/74,1974,3/24/93,4/9/93,8/3/93,,99.6
United States,BYRON-1,PWR,1164,Operational,EXELON,4/1/75,1975,2/2/85,3/1/85,9/16/85,,100
United States,BYRON-2,PWR,1136,Operational,EXELON,4/1/75,1975,1/9/87,2/6/87,8/2/87,,93.1
United States,BRAIDWOOD-1,PWR,1178,Operational,EXELON,8/1/75,1975,5/29/87,7/12/87,7/29/88,,94
United States,BRAIDWOOD-2,PWR,1152,Operational,EXELON,8/1/75,1975,3/8/88,5/25/88,10/17/88,,97.9
United States,NINE MILE POINT-2,BWR,1276,Operational,EXELON,8/1/75,1975,5/23/87,8/8/87,3/11/88,,98.4
United States,RIVER BEND-2,BWR,934,Cancelled Constr.,GSU,8/1/75,1975,,,,1/1/84,
United States,WNP-1,PWR,1259,Cancelled Constr.,WPPSS,8/1/75,1975,,,,1/1/83,
United States,WNP-4,PWR,1250,Cancelled Constr.,WPPSS,8/1/75,1975,,,,1/1/82,
United States,CALLAWAY-1,PWR,1215,Operational,AmerenUE,9/1/75,1975,10/2/84,10/24/84,12/19/84,,80
United States,CLINTON-1,BWR,1065,Operational,EXELON,10/1/75,1975,2/27/87,4/24/87,11/24/87,,89.7
United States,CALLAWAY-2C,PWR,1120,Cancelled Constr.,UNION,10/1/75,1975,,,,10/1/81,
United States,CLINTON-2,BWR,933,Cancelled Constr.,IPC,10/1/75,1975,,,,10/1/83,
United States,SOUTH TEXAS-1,PWR,1280,Operational,STP,12/22/75,1975,3/8/88,3/30/88,8/25/88,,94.1
United States,SOUTH TEXAS-2,PWR,1280,Operational,STP,12/22/75,1975,3/12/89,4/11/89,6/19/89,,60.9
United States,HOPE CREEK-1,BWR,1172,Operational,PSEG,3/1/76,1976,6/28/86,8/1/86,12/20/86,,88.5
United States,HOPE CREEK-2,BWR,1067,Cancelled Constr.,PSEG,3/1/76,1976,,,,12/1/81,
United States,HARTSVILLE A-1,BWR,1233,Cancelled Constr.,TVA,4/1/76,1976,,,,8/1/84,
United States,HARTSVILLE A-2,BWR,1233,Cancelled Constr.,TVA,4/1/76,1976,,,,8/1/84,
United States,HARTSVILLE B-1,BWR,1233,Cancelled Constr.,TVA,4/1/76,1976,,,,8/1/82,
United States,HARTSVILLE B-2,BWR,1233,Cancelled Constr.,TVA,4/1/76,1976,,,,8/1/82,
United States,PALO VERDE-1,PWR,1311,Operational,APS,5/25/76,1976,5/25/85,6/10/85,1/28/86,,91.8
United States,PALO VERDE-2,PWR,1314,Operational,APS,6/1/76,1976,4/18/86,5/20/86,9/19/86,,96.9
United States,PALO VERDE-3,PWR,1312,Operational,APS,6/1/76,1976,10/25/87,11/28/87,1/8/88,,85.7
United States,CHEROKEE-1,PWR,1280,Cancelled Constr.,DUnited KingdomE,7/1/76,1976,,,,4/1/83,
United States,CHEROKEE-2,PWR,1280,Cancelled Constr.,DUnited KingdomE,7/1/76,1976,,,,11/1/82,
United States,CHEROKEE-3,PWR,1280,Cancelled Constr.,DUnited KingdomE,7/1/76,1976,,,,11/1/82,
United States,SEABROOK-2,PWR,1149,Cancelled Constr.,FPL,7/1/76,1976,,,,1/1/88,
United States,SEABROOK-1,PWR,1246,Operational,NEXTERA,7/7/76,1976,6/13/89,5/29/90,8/19/90,,100
United States,VOGTLE-1,PWR,1150,Operational,SOUTHERN,8/1/76,1976,3/9/87,3/27/87,6/1/87,,100
United States,VOGTLE-2,PWR,1152,Operational,SOUTHERN,8/1/76,1976,3/28/89,4/10/89,5/20/89,,88.5
United States,RIVER BEND-1,BWR,967,Operational,ENTERGY,3/25/77,1977,10/31/85,12/3/85,6/16/86,,90.2
United States,WNP-3,PWR,1240,Cancelled Constr.,WPPSS,4/1/77,1977,,,,1/1/83,
United States,WNP-5,PWR,1240,Cancelled Constr.,WPPSS,4/1/77,1977,,,,1/1/82,
United States,WOLF CREEK,PWR,1195,Operational,WCNOC,5/31/77,1977,5/22/85,6/12/85,9/3/85,,70.9
United States,ST. LUCIE-2,PWR,987,Operational,FPL,6/2/77,1977,6/2/83,6/13/83,8/8/83,,99.1
United States,MARBLE HILL-1,PWR,1030,Cancelled Constr.,PSI,7/1/77,1977,,,,1/1/84,
United States,MARBLE HILL-2,PWR,1130,Cancelled Constr.,PSI,7/1/77,1977,,,,1/1/84,
United States,PHIPPS BEND-1,BWR,1233,Cancelled Constr.,TVA,10/1/77,1977,,,,8/1/82,
United States,PHIPPS BEND-2,BWR,1233,Cancelled Constr.,TVA,10/1/77,1977,,,,8/1/82,
United States,HARRIS-2C,PWR,900,Cancelled Constr.,CPL,1/1/78,1978,,,,12/1/83,
United States,HARRIS-3C,PWR,900,Cancelled Constr.,CPL,1/1/78,1978,,,,12/1/81,
United States,HARRIS-4C,PWR,900,Cancelled Constr.,CPL,1/1/78,1978,,,,12/1/81,
United States,HARRIS-1,PWR,928,Operational,PROGRESS,1/28/78,1978,1/3/87,1/19/87,5/2/87,,84.4
United States,YELLOW CREEK-1,PWR,1285,Cancelled Constr.,TVA,2/1/78,1978,,,,8/1/84,
United States,YELLOW CREEK-2,PWR,1285,Cancelled Constr.,TVA,2/1/78,1978,,,,8/1/84,
United States,BLACK FOX-1,BWR,1150,Cancelled Constr.,PSCO,7/1/78,1978,,,,2/1/82,
United States,BLACK FOX-2,BWR,1150,Cancelled Constr.,PSCO,7/1/78,1978,,,,2/1/82,
United States,SUMMER-2,PWR,1117,Under Construction,SCE&G,3/9/13,2013,,,,,
United States,VOGTLE-3,PWR,1117,Under Construction,SOUTHERN,3/12/13,2013,,,,,
United States,SUMMER-3,PWR,1117,Under Construction,SCE&G,11/2/13,2013,,,,,
United States,VOGTLE-4,PWR,1117,Under Construction,SOUTHERN,11/19/13,2013,,,,,
United States,Bell Bend,US-EPR,"1,600",Under Review,,,,,,,,
United States,"Bellefonte, Units 1 & 2 (2)",AP 1000,"2,520",Deferred,,,,,,,,
United States,"Bellefonte, Units 3 & 4",AP 1000,"2,234",Review Suspended,,,,,,,,
United States,"Callaway, Unit 2",US-EPR,"1,600",Review Suspended,,,,,,,,
United States,"Calvert Cliffs, Unit 3",US-EPR,"1,600",Under Review,,,,,,,,
United States,"Comanche Peak, Units 3 & 4",US-APWR,"3,400",Under Review,,,,,,,,
United States,"Fermi, Unit 3",ESBWR,"1,520",Under Review,,,,,,,,
United States,"Grand Gulf, Unit 3",ESBWR,"1,520",Review Suspended,,,,,,,,
United States,"Levy County, Units 1 & 2",AP 1000,"2,234",Under Review,,,,,,,,
United States,"Nine Mile Point, Unit 3",US-EPR,"1,600",Review Suspended,,,,,,,,
United States,"North Anna, Unit 3",US-APWR,"1,500",Under Review,,,,,,,,
United States,"River Bend Station, Unit 3",ESBWR,"1,520",Review Suspended,,,,,,,,
United States,"Shearon Harris, Units 2 & 3",AP 1000,"2,234",Review Suspended,,,,,,,,
United States,"South Texas Project, Units 3 & 4",ABWR,"2,700",Under Review,,,,,,,,
United States,"Turkey Point, Units 6 & 7",AP 1000,"2,234",Under Review,,,,,,,,
United States,"Virgil C. Summer, Units 2 & 3",AP 1000,"2,200",Under Construction,,,,,,"2017, 2018",,
United States,"Vogtle, Units 3 & 4",AP 1000,"2,200",Under Construction,,,,,,"2016, 2017",,
United States,"Watts Bar, Unit 2 (2)",PWR,"1,218",Under Construction,,,,,,2015,,
United States,"William States Lee III, Units 1 & 2",AP 1000,"2,234",Under Review,,,,,,,,
Vietnam," Unit 1, Phuoc Dinh / Ninh Thuan 1",,"1,000",,,2014,,,,2020,,
Vietnam,"ÊUnit 2, Phuoc Dinh / Ninh Thuan 1",,"1,000",,,2015,,,,2021,,
Vietnam,"ÊUnit 1, Vinh Hai / Ninh Thuan 2",,"1,000",,,2015,,,,2021,,
Vietnam,"ÊUnit 2, Vinh Hai / Ninh Thuan 2",,"1,000",,,2016,,,,2022,,